Name,Code,Price,Description,Dimensions,Thumbnail Image,Detail Image,Extra Large Image,Detail Page Link,Shopping Cart Link,Everyday,Birthday,Anniversary,Love and Romance,Get Well,New Baby,Thank You,Sympathy,Category
Best Day Bouquet,B07,84.9500,"The Best Day Bouquet is ready to create a moment your recipient will always remember! An instant mood booster with it's mix of bright bold colors, this gorgeous fresh flower arrangement brings together sunflowers, hot pink roses, purple double lisianthus, orange LA Hybrid Lilies, yellow snapdragons, green button poms, and lush greens to make this day, their best day. Presented in a clear glass vase, this fresh flower arrangement is made just for you to help you send your warmest birthday, congratulations, or get well wishes to your favorite friends and family.",15"h x 12"w,https://cdn.floristone.com/small/B07_t1.jpg,https://cdn.floristone.com/large/B07_d1.jpg,https://cdn.floristone.com/hi-res/B07_h1.jpg,http://www.floristone.com/detail.cfm?dcode=B07&source_id=aff&affiliateid=2026097209,http://www.floristone.com/cart.cfm?dcode=B07&source_id=aff&affiliateid=2026097209,1,1,0,0,1,0,0,0,Vase Arrangements
Pink Posh Bouquet,B08,79.9500,"The Pink Posh Bouquet is chic and pink to help you celebrate life's most treasured moments in style! Hot pink roses are bright and beautiful arranged amongst pink Asiatic Lilies, pink stock, green button poms, bupleurum and lush greens to create that perfect gift of flowers. Presented in a clear glass vase, this blushing fresh flower arrangement is ready to send your sweetest wishes in honor of a birthday, an anniversary, or as a way to express your thanks and gratitude.",16"h x 13"w,https://cdn.floristone.com/small/B08_t1.jpg,https://cdn.floristone.com/large/B08_d1.jpg,https://cdn.floristone.com/hi-res/B08_h1.jpg,http://www.floristone.com/detail.cfm?dcode=B08&source_id=aff&affiliateid=2026097209,http://www.floristone.com/cart.cfm?dcode=B08&source_id=aff&affiliateid=2026097209,1,1,1,0,0,0,1,0,Vase Arrangements
Celebration of the Season Centerpiece,B10-4368,99.9500,The Celebration of the Season Centerpiece is a grand display of holiday elegance. Red roses and spray roses pop against a backdrop of assorted holiday greens and variegated holly that beautifully encircle three red taper candles. Accented with gold pinecones and gold metallic brocade ribbon this centerpiece creates a warm and enchanting glow to benefit their holiday festivities.,7"H x 14"W,https://cdn.floristone.com/small/B10-4368_t1.jpg,https://cdn.floristone.com/large/B10-4368_d1.jpg,https://cdn.floristone.com/hi-res/B10-4368_h1.jpg,http://www.floristone.com/detail.cfm?dcode=B10-4368&source_id=aff&affiliateid=2026097209,http://www.floristone.com/cart.cfm?dcode=B10-4368&source_id=aff&affiliateid=2026097209,0,0,0,0,0,0,0,0,Centerpieces
The Christmas Peace Bouquet,B10-4962,99.9500,"The Christmas Peace Bouquet brings beauty and grace to their home or holiday table with each elegant bloom. Rich red roses are a standout arranged amongst red carnations and mini carnations, red hypericum berries and an assortment of lush holiday greens. Accented with white pinecone pics and a red, white, and green plaid designer ribbon, this fresh flower bouquet is presented in a clear glass bubble bowl vase to create a wonderful Christmas gift for any of the special people in your life.",11"H x 12"W,https://cdn.floristone.com/small/B10-4962_t1.jpg,https://cdn.floristone.com/large/B10-4962_d1.jpg,https://cdn.floristone.com/hi-res/B10-4962_h1.jpg,http://www.floristone.com/detail.cfm?dcode=B10-4962&source_id=aff&affiliateid=2026097209,http://www.floristone.com/cart.cfm?dcode=B10-4962&source_id=aff&affiliateid=2026097209,0,0,0,0,0,0,0,0,Centerpieces
The Christmas Coziness  Basket,B10-5139,84.9500,"Adding warmth and a homespun look to your Christmas décor, this fresh and fragrant floral arrangement is a wonderful way to bring color and life to any corner of the home. An assortment of Christmas greens and variegated holly are arranged to perfection in a rectangular stained woodchip basket, accented with clusters of red berries, natural pinecones, and a festive red plaid ribbon. A wonderful holiday gift for your relatives, neighbors, or friends throughout the yuletide season ahead ",10"H x 15"W,https://cdn.floristone.com/small/B10-5139_t1.jpg,https://cdn.floristone.com/large/B10-5139_d1.jpg,https://cdn.floristone.com/hi-res/B10-5139_h1.jpg,http://www.floristone.com/detail.cfm?dcode=B10-5139&source_id=aff&affiliateid=2026097209,http://www.floristone.com/cart.cfm?dcode=B10-5139&source_id=aff&affiliateid=2026097209,0,0,0,0,0,0,0,0,Centerpieces
High Style Bouquet,B11,89.9500,"The High Style Bouquet is on-trend and ready to wow your special recipient with it's mix of bold and beautiful blooms! Rich red roses, Stargazer Lilies, pink Peruvian Lilies, burgundy mini carnations, pink statice, and lush greens are arranged to perfection by our floral professionals to create a gift of flowers that is set to impress. Presented in a clear glass vase, this fresh flower bouquet is a wonderful way to express your happy anniversary, happy birthday, or thinking of you wishes.",16"h x 13"w,https://cdn.floristone.com/small/B11_t1.jpg,https://cdn.floristone.com/large/B11_d1.jpg,https://cdn.floristone.com/hi-res/B11_h1.jpg,http://www.floristone.com/detail.cfm?dcode=B11&source_id=aff&affiliateid=2026097209,http://www.floristone.com/cart.cfm?dcode=B11&source_id=aff&affiliateid=2026097209,1,1,1,0,0,0,0,0,Vase Arrangements
The Spirit of the Season Bouquet,B11-5132,94.9500,"A sensational splash of red to celebrate the Christmas season in style, this impressive flower bouquet is ready to get you noticed. Red roses, gerbera daisies, Peruvian Lilies, mini carnations, and hypericum berries are accented with an assortment of fresh Christmas greens to create a joyful holiday look. Presented in a ruby red glass vase, this holiday flower arrangement is a heartfelt way for you to send your warmest season's greetings.",14"H x 12"W,https://cdn.floristone.com/small/B11-5132_t1.jpg,https://cdn.floristone.com/large/B11-5132_d1.jpg,https://cdn.floristone.com/hi-res/B11-5132_h1.jpg,http://www.floristone.com/detail.cfm?dcode=B11-5132&source_id=aff&affiliateid=2026097209,http://www.floristone.com/cart.cfm?dcode=B11-5132&source_id=aff&affiliateid=2026097209,0,0,0,0,0,0,0,0,Vase Arrangements
The Winter Wishes Basket,B12-5135,84.9500,"Taking traditional Christmas colors and turning up the volume to create a bright and brilliant arrangement, this fresh flower bouquet is ready to bring holiday joy to even the darkest corner of your recipient's home. Rich red roses and red carnations are accented with green hypericum berries, green button poms, clusters of shining red glass holiday balls, and an assortment of fragrant Christmas greens. Arranged to perfection in a white wash woodchip basket, this gift of flowers is ready to make a splash as a centerpiece, or when placed on the buffet table or side counter for their holiday gathering.",9"H x 12"W,https://cdn.floristone.com/small/B12-5135_t1.jpg,https://cdn.floristone.com/large/B12-5135_d1.jpg,https://cdn.floristone.com/hi-res/B12-5135_h1.jpg,http://www.floristone.com/detail.cfm?dcode=B12-5135&source_id=aff&affiliateid=2026097209,http://www.floristone.com/cart.cfm?dcode=B12-5135&source_id=aff&affiliateid=2026097209,0,0,0,0,0,0,0,0,Centerpieces
Red Poinsettia Basket (Small),B13-3601,84.9500,"The traditional holiday blooming plant, a Christmas Poinsettia, with its dark leaves and deep red flowers is the perfect gift for family and friends.",6" pot,https://cdn.floristone.com/small/B11-3601_t1.jpg,https://cdn.floristone.com/large/B11-3601_d1.jpg,https://cdn.floristone.com/hi-res/B13-3601_h1.jpg,http://www.floristone.com/detail.cfm?dcode=B13-3601&source_id=aff&affiliateid=2026097209,http://www.floristone.com/cart.cfm?dcode=B13-3601&source_id=aff&affiliateid=2026097209,0,0,0,0,0,0,0,0,Plants
Red Poinsettia Basket (Large),B13-3602,109.9500,"The traditional holiday blooming plant, a Christmas Poinsettia, with its dark leaves and deep red flowers is the perfect gift for family and friends.",8" pot,https://cdn.floristone.com/small/B11-3602_t1.jpg,https://cdn.floristone.com/large/B11-3602_d1.jpg,https://cdn.floristone.com/hi-res/B13-3602_h1.jpg,http://www.floristone.com/detail.cfm?dcode=B13-3602&source_id=aff&affiliateid=2026097209,http://www.floristone.com/cart.cfm?dcode=B13-3602&source_id=aff&affiliateid=2026097209,0,0,0,0,0,0,0,0,Plants
The Candy Cane Lane Bouquet,B13-5130,89.9500,"Stacking the odds of holiday fun in your recipient's favor, this fresh flower bouquet is a Christmas favorite that never goes out of style. Frilly red carnations are paired with red Peruvian Lilies surrounded by green button poms, variegated holly, and an assortment of fragrant Christmas greens. Accented with a bright green satin ribbon and classic candy canes, this festive holiday bouquet is that perfect way to say, Merry Christmas, to the ones you love throughout the yuletide season",13"H x 10"W,https://cdn.floristone.com/small/B13-5130_t1.jpg,https://cdn.floristone.com/large/B13-5130_d1.jpg,https://cdn.floristone.com/hi-res/B13-5130_h1.jpg,http://www.floristone.com/detail.cfm?dcode=B13-5130&source_id=aff&affiliateid=2026097209,http://www.floristone.com/cart.cfm?dcode=B13-5130&source_id=aff&affiliateid=2026097209,0,0,0,0,0,0,0,0,Vase Arrangements
The Holiday Bliss Bouquet,B13-5133,94.9500,"A winter wonderland that blossoms with an elegant holiday style, this fresh flower bouquet is set to delight your special recipient with each beautiful bloom. Crisp white Asiatic Lilies and chrysanthemums look snowy and bright amongst jade green roses, bright green button poms, gold pine cones, and an assortment of fragrant Christmas greens arranged beautifully in an eye-catching green swirled glass vase. A wonderful way to send your warmest season's greetings to your recipient this Christmas!",14"H x 11"W,https://cdn.floristone.com/small/B13-5133_t1.jpg,https://cdn.floristone.com/large/B13-5133_d1.jpg,https://cdn.floristone.com/hi-res/B13-5133_h1.jpg,http://www.floristone.com/detail.cfm?dcode=B13-5133&source_id=aff&affiliateid=2026097209,http://www.floristone.com/cart.cfm?dcode=B13-5133&source_id=aff&affiliateid=2026097209,0,0,0,0,0,0,0,0,Vase Arrangements
Free Spirit Bouquet,B14,79.9500,"The Free Spirit Bouquet celebrates life's most treasured moments in alluring blues and purples to create a fantastic gift of flowers. Inviting blue iris blooms add depth and texture to this fresh flower arrangement when set against lavender daisies, lavender statice, green button poms, and lush greens. Presented in a clear glass vase, this beautiful flower bouquet creates an impressive congratulations, thinking of you, or thank you gift. ",17"h x 12"w,https://cdn.floristone.com/small/B14_t1.jpg,https://cdn.floristone.com/large/B14_d1.jpg,https://cdn.floristone.com/hi-res/B14_h1.jpg,http://www.floristone.com/detail.cfm?dcode=B14&source_id=aff&affiliateid=2026097209,http://www.floristone.com/cart.cfm?dcode=B14&source_id=aff&affiliateid=2026097209,1,0,0,0,0,0,1,0,Vase Arrangements
The Season's Glow Centerpiece,B16-4830,99.9500,"The Season's Glow Centerpiece blooms with winter elegance and holiday enchantment to grace your Christmas celebrations. White LA hybrid lilies, carnations, chrysanthemums and statice are arranged amongst holiday greens and accented with gold pinecones and a gold plaid French wired ribbon for an exquisite look. Arranged to encircle 3 white taper candles, this stunning arrangement will bring a sweet sophistication to your holiday festivities",6"H x 19"W,https://cdn.floristone.com/small/B16-4830_t1.jpg,https://cdn.floristone.com/large/B16-4830_d1.jpg,https://cdn.floristone.com/hi-res/B16-4830_h1.jpg,http://www.floristone.com/detail.cfm?dcode=B16-4830&source_id=aff&affiliateid=2026097209,http://www.floristone.com/cart.cfm?dcode=B16-4830&source_id=aff&affiliateid=2026097209,0,0,0,0,0,0,0,0,Centerpieces
WhitePoinsettia Basket (Large),B17-3603,109.9500,The elegant winter white poinsettia is a lovely variation to a classic holiday gift.,8" pot,https://cdn.floristone.com/small/B17-3603_t1.jpg,https://cdn.floristone.com/large/B17-3603_d1.jpg,https://cdn.floristone.com/hi-res/B17-3603_h1.jpg,http://www.floristone.com/detail.cfm?dcode=B17-3603&source_id=aff&affiliateid=2026097209,http://www.floristone.com/cart.cfm?dcode=B17-3603&source_id=aff&affiliateid=2026097209,0,0,0,0,0,0,0,0,Plants
WhitePoinsettia Basket (Small),B17-3604,84.9500,The elegant winter white poinsettia is a lovely variation to a classic holiday gift.,6" pot,https://cdn.floristone.com/small/B17-3604_t1.jpg,https://cdn.floristone.com/large/B17-3604_d1.jpg,https://cdn.floristone.com/hi-res/B17-3604_h1.jpg,http://www.floristone.com/detail.cfm?dcode=B17-3604&source_id=aff&affiliateid=2026097209,http://www.floristone.com/cart.cfm?dcode=B17-3604&source_id=aff&affiliateid=2026097209,0,0,0,0,0,0,0,0,Plants
The Holiday Enchantment Bouquet,B17-5131,89.9500,"Beautiful, bright, and blooming with a broad holiday appeal, this gorgeous Christmas flower bouquet is simply enchanting at every turn. Gorgeous and full white snowball chrysanthemums are not to be upstaged when arranged amongst rich red roses, red carnations, and red mini carnations, accented with red hypericum berries and assorted Christmas greens to create a standout yuletide display. Presented in an attractive clear glass vase, this gift of flower is ready to create a treasured holiday moment for your recipient.",13"H x 11"W,https://cdn.floristone.com/small/B17-5131_t1.jpg,https://cdn.floristone.com/large/B17-5131_d1.jpg,https://cdn.floristone.com/hi-res/B17-5131_h1.jpg,http://www.floristone.com/detail.cfm?dcode=B17-5131&source_id=aff&affiliateid=2026097209,http://www.floristone.com/cart.cfm?dcode=B17-5131&source_id=aff&affiliateid=2026097209,0,0,0,0,0,0,0,0,Vase Arrangements
The Goodwill & Cheer Basket,B17-5134,89.9500,"A bright and cheerful Christmas arrangement, this unique basket of blooms can be used throughout the home as a centerpiece, to decorate the buffet, or to simply add a touch of holiday cheer to their favorite room, throughout the holiday season. Rich red roses, red mini carnations, white chrysanthemums, red hypericum berries, and fresh Christmas greens are accented with natural pinecones and a stylish red, green, and white striped grosgrain ribbon while situated in a round white wash woven handled basket. A wonderful way to send your season's greetings this December! ",9"H x 13"W,https://cdn.floristone.com/small/B17-5134_t1.jpg,https://cdn.floristone.com/large/B17-5134_d1.jpg,https://cdn.floristone.com/hi-res/B17-5134_h1.jpg,http://www.floristone.com/detail.cfm?dcode=B17-5134&source_id=aff&affiliateid=2026097209,http://www.floristone.com/cart.cfm?dcode=B17-5134&source_id=aff&affiliateid=2026097209,0,0,0,0,0,0,0,0,Centerpieces
The Glowing Elegance Centerpiece,B18-4964,109.9500,"The Glowing Elegance Centerpiece brings a warm sophistication to your holiday table with each snow-kissed bloom. White roses, spray roses, carnations, mini carnations and baby's breath are beautifully arranged amongst an assortment of lush holiday greens to create an incredible winter holiday display. With a glass hurricane at the center of this fresh flower arrangement holding a single white taper candle, this centerpiece is beautifully accented with a sheer green sparkle ribbon to create a stunning holiday gift for your favorite special recipient, or home accent for your own Christmas gathering.",6"H x 18"W,https://cdn.floristone.com/small/B18-4964_t1.jpg,https://cdn.floristone.com/large/B18-4964_d1.jpg,https://cdn.floristone.com/hi-res/B18-4964_h1.jpg,http://www.floristone.com/detail.cfm?dcode=B18-4964&source_id=aff&affiliateid=2026097209,http://www.floristone.com/cart.cfm?dcode=B18-4964&source_id=aff&affiliateid=2026097209,0,0,0,0,0,0,0,0,Centerpieces
The True Romance Rose Bouquet,B19-4387,89.9500,"The True Romance Rose Bouquet is the perfect expression of love and passion. A bright burst of color, this bouquet combines red, pink and fuchsia roses, accented with beautiful greens and seated in a clear glass vase, to create a truly romantic representation of your love. ",15"w x 22"h,https://cdn.floristone.com/small/B19-4387_t1.jpg,https://cdn.floristone.com/large/B19-4387_d1.jpg,https://cdn.floristone.com/hi-res/B19-4387_h1.jpg,http://www.floristone.com/detail.cfm?dcode=B19-4387&source_id=aff&affiliateid=2026097209,http://www.floristone.com/cart.cfm?dcode=B19-4387&source_id=aff&affiliateid=2026097209,1,1,1,1,0,0,0,0,Roses
Peace & Light Hanukkah Bouquet,B19-5143,94.9500,"A soft, charming, and stylish flower bouquet, this arrangement exudes warmth and light in celebration of Hanukkah helping you celebrate with those recipient's close to your heart. Clouds of blue hydrangea standout amongst the clean white of roses, carnations, and Peruvian Lilies accented with lush greens while seated in a modern blue glass cubed vase. A memorable way to spread peace, light, and love throughout the this festive holiday season! ",8"h x 8"w,https://cdn.floristone.com/small/B19-5143_t1.jpg,https://cdn.floristone.com/large/B19-5143_d1.jpg,https://cdn.floristone.com/hi-res/B19-5143_h1.jpg,http://www.floristone.com/detail.cfm?dcode=B19-5143&source_id=aff&affiliateid=2026097209,http://www.floristone.com/cart.cfm?dcode=B19-5143&source_id=aff&affiliateid=2026097209,0,0,0,0,0,0,0,0,Centerpieces
The Harvest Heartstrings Bouquet,B2-4957,79.9500,"The Harvest Heartstrings Bouquet brings sunlit autumn beauty straight to their door. Unforgettable mini sunflowers catch the eye at every turn surrounded by yellow Asiatic lilies, red dianthus, orange spray roses and lush greens to create a stunning fresh flower arrangement. Presented in a clear glass gathered square vase and accented throughout with red glycerized oak leaves, this flower bouquet is set to make an excellent birthday, thank you, get well or Thanksgiving gift.",12"w x 15"h,https://cdn.floristone.com/small/B2-4957_t1.jpg,https://cdn.floristone.com/large/B2-4957_d1.jpg,https://cdn.floristone.com/hi-res/B2-4957_h1.jpg,http://www.floristone.com/detail.cfm?dcode=B2-4957&source_id=aff&affiliateid=2026097209,http://www.floristone.com/cart.cfm?dcode=B2-4957&source_id=aff&affiliateid=2026097209,1,1,1,0,1,0,1,0,Vase Arrangements
The Vibrant Views Bouquet,B2-5123,79.9500,"Blooming with a vibrant light that can't be denied, this brilliant fall flower bouquet is ready to lift any mood and raise any spirit throughout the autumn months ahead. Swirling orange roses, orange spray roses, and star-shaped peach Asiatic Lilies are surrounded with the eye-catching textures of yellow solidago, bittersweet stems, aralia leaves and lush greens with brilliant yellow gourd accents tucked in a just the right spot, all beautifully arranged in an orange ceramic cylinder vase. A wonderful fall birthday, get well, thank you, or happy harvest gift!",11"w x 11"h,https://cdn.floristone.com/small/B2-5123_t1.jpg,https://cdn.floristone.com/large/B2-5123_d1.jpg,https://cdn.floristone.com/hi-res/B2-5123_h1.jpg,http://www.floristone.com/detail.cfm?dcode=B2-5123&source_id=aff&affiliateid=2026097209,http://www.floristone.com/cart.cfm?dcode=B2-5123&source_id=aff&affiliateid=2026097209,0,1,1,0,1,0,0,0,Vase Arrangements
The Tranquil Bouquet,B20-4970,79.9500,"This bouquet blooms with a sweet sophistication and style to bring a calming grace to any event or occasion. Hot pink and pink roses are brought together with purple, lavender and fuchsia stock stems accented with pink Peruvian lilies and lush greens to create a simply stunning flower arrangement. Presented in a clear glass bubble bowl vase, this exquisite fresh flower bouquet will make an excellent birthday, anniversary or sympathy gift.",12"H x 12"W,https://cdn.floristone.com/small/B20-4970_t1.jpg,https://cdn.floristone.com/large/B20-4970_d1.jpg,https://cdn.floristone.com/hi-res/B20-4970_h1.jpg,http://www.floristone.com/detail.cfm?dcode=B20-4970&source_id=aff&affiliateid=2026097209,http://www.floristone.com/cart.cfm?dcode=B20-4970&source_id=aff&affiliateid=2026097209,0,1,1,1,1,0,1,0,Centerpieces
The Bright Lights Bouquet,B21-4968,79.9500,"The Bright Lights Bouquet brings color and beauty straight to your special recipient's door! Yellow Asiatic lilies, pink roses, purple stock, lavender monte casino asters, pink carnations, pink mini carnations and lush greens are brought together to create a sweetly fascinating flower arrangement. Presented in a square lavender pastel washed basket, this fresh flower bouquet is set to make an excellent birthday, thank you or get well gift. ",14"w x 13"h,https://cdn.floristone.com/small/B21-4968_t1.jpg,https://cdn.floristone.com/large/B21-4968_d1.jpg,https://cdn.floristone.com/hi-res/B21-4968_h1.jpg,http://www.floristone.com/detail.cfm?dcode=B21-4968&source_id=aff&affiliateid=2026097209,http://www.floristone.com/cart.cfm?dcode=B21-4968&source_id=aff&affiliateid=2026097209,0,1,1,1,1,0,1,0,Centerpieces
Pure Perfection Bouquet,B21-4969,84.9500,"The Pure Perfection Bouquet exudes a bright beauty and bold sophistication to send your sweetest wishes to friends and family near and far. Hot pink roses, carnations, mini carnations and gerbera daisies are accented with brilliant blue iris and lush greens to create a fascinating flower arrangement. Presented in a clear glass cylinder vase lined with a ti leaf green material to give it an elegant and finished look, this gorgeous bouquet is set to make that perfect impression in honor of a birthday, anniversary, or as a way to express your congratulations or thank you sentiments.",12"h x 12"w,https://cdn.floristone.com/small/B21-4969_t1.jpg,https://cdn.floristone.com/large/B21-4969_d1.jpg,https://cdn.floristone.com/hi-res/B21-4969_h1.jpg,http://www.floristone.com/detail.cfm?dcode=B21-4969&source_id=aff&affiliateid=2026097209,http://www.floristone.com/cart.cfm?dcode=B21-4969&source_id=aff&affiliateid=2026097209,1,1,1,0,0,0,1,0,Centerpieces
The Blushing Invitations Bouquet,B21-5145,79.9500,"Exuding a special charm, with a casual fresh-from-the-garden look, this gorgeous spring bouquet is the perfect way to delight your recipient in honor of any of life's most treasured moments. Peach gerbera daisies are soft and sophisticated surrounded by pink roses, pink snapdragons, pink mini carnations, purple liatris, and lush greens arranged with an artist's eye in a gathered square clear glass vase. A wonderful way to celebrate a spring birthday, Mother's Day, or to express your thanks and gratitude.",7"w x 16"h,https://cdn.floristone.com/small/B21-5145_t1.jpg,https://cdn.floristone.com/large/B21-5145_d1.jpg,https://cdn.floristone.com/hi-res/B21-5145_h1.jpg,http://www.floristone.com/detail.cfm?dcode=B21-5145&source_id=aff&affiliateid=2026097209,http://www.floristone.com/cart.cfm?dcode=B21-5145&source_id=aff&affiliateid=2026097209,0,1,1,1,1,0,1,0,Vase Arrangements
The Spring Sunshine Bouquet,B21-5205,79.9500,"Ready to wake your recipient up to the arrival of the spring season with a bright array of sun crushed blooms, this vibrant flower bouquet exudes fun and beauty to their day. A bold rush of yellow, this flower arrangement brings together roses, daisies, gerbera daisies, and solidago accented with red and yellow tulips, lush greens, and tropical leaves. Arranged beautifully in a clear glass cubed vase to give it a modern trend forward look they will adore, this spring flower bouquet is ready to celebrate a birthday, Mother's Day, or Easter in blooming style. ",9"w x 8"h,https://cdn.floristone.com/small/B21-5205_t1.jpg,https://cdn.floristone.com/large/B21-5205_d1.jpg,https://cdn.floristone.com/hi-res/B21-5205_h1.jpg,http://www.floristone.com/detail.cfm?dcode=B21-5205&source_id=aff&affiliateid=2026097209,http://www.floristone.com/cart.cfm?dcode=B21-5205&source_id=aff&affiliateid=2026097209,0,1,1,0,1,1,1,0,Centerpieces
The Sweet Beginnings Bouquet,B22-5150,79.9500,"Bringing a blush to their cheeks with each soft, sweet bloom, this stunning spring flower bouquet is ready to surprise and delight your recipient. Clouds of white hydrangea blooms are the base of this arrangement, making the colors of the hot pink roses, pink gerbera daisies, and pink Peruvian Lilies pop against their clean, textured background. Accented with seeded eucalyptus and presented in a hot pink cylinder ceramic vase, this gorgeous flower bouquet is the perfect way to celebrate a birthday, the birth of a new baby girl, or a special anniversary.",12"w x 12"h,https://cdn.floristone.com/small/B22-5150_t1.jpg,https://cdn.floristone.com/large/B22-5150_d1.jpg,https://cdn.floristone.com/hi-res/B22-5150_h1.jpg,http://www.floristone.com/detail.cfm?dcode=B22-5150&source_id=aff&affiliateid=2026097209,http://www.floristone.com/cart.cfm?dcode=B22-5150&source_id=aff&affiliateid=2026097209,0,1,1,1,1,1,1,0,Centerpieces
The Always True Bouquet,B23-4966,79.9500,"The Always True Bouquet is blooming with sunlit color and gorgeous grace to create a stunning gift for any of life's special moments. Brilliant orange roses, spray roses and tulips are simply stunning arranged amongst hot pink mini carnations, purple tulips, dark pink Asiatic lilies and lush greens. Presented in a designer rectangular clear glass vase, this fresh flower arrangement will make that perfect impression when sent in honor of a birthday, anniversary or as a way to express your thanks and gratitude. ",13"w x 13"h,https://cdn.floristone.com/small/B23-4966_t1.jpg,https://cdn.floristone.com/large/B23-4966_d1.jpg,https://cdn.floristone.com/hi-res/B23-4966_h1.jpg,http://www.floristone.com/detail.cfm?dcode=B23-4966&source_id=aff&affiliateid=2026097209,http://www.floristone.com/cart.cfm?dcode=B23-4966&source_id=aff&affiliateid=2026097209,0,1,1,0,1,0,1,0,Vase Arrangements
The Blooming Visions Bouquet,B23-5148,79.9500,"Elegant and chic, this flower bouquet is laced in lavender to send your love, kindness, and gratitude to your recipient this spring season. Lavender roses and purple double lisianthus flaunt their twilight inspired beauty, mingling amongst purple button poms, purple larkspur, pink limonium, and lush greens, presented in a purple swirled glass vase. The perfect thank you, birthday, or Mother's Day gift.",11"w x 16"h,https://cdn.floristone.com/small/B23-5148_t1.jpg,https://cdn.floristone.com/large/B23-5148_d1.jpg,https://cdn.floristone.com/hi-res/B23-5148_h1.jpg,http://www.floristone.com/detail.cfm?dcode=B23-5148&source_id=aff&affiliateid=2026097209,http://www.floristone.com/cart.cfm?dcode=B23-5148&source_id=aff&affiliateid=2026097209,0,1,1,1,1,0,1,0,Vase Arrangements
Spirit of Spring,B25-4126,79.9500,"Capture the Spirit of Spring with this traditional bouquet. A handled bamboo basket holds bold purple iris and statice that defer to lemon yellow Asiatic lilies, soft yellow carnations and bright yellow daisy poms. It's the perfect petite basket to celebrate any occasion.",9"w x 9"h,https://cdn.floristone.com/small/B25-4126_t1.jpg,https://cdn.floristone.com/large/B25-4126_d1.jpg,https://cdn.floristone.com/hi-res/B25-4126_h1.jpg,http://www.floristone.com/detail.cfm?dcode=B25-4126&source_id=aff&affiliateid=2026097209,http://www.floristone.com/cart.cfm?dcode=B25-4126&source_id=aff&affiliateid=2026097209,1,1,1,1,1,0,1,0,Centerpieces
The Deep Emotions Rose Bouquet by Better Homes and Gardens ,B25-4401,79.9500,"The Deep Emotions Rose Bouquet showers your special recipient with affection and admiration in sun-crushed hues. Deep fuchsia roses and spray roses share the spotlight with bright orange roses, green hypericum berries and lily grass blades gorgeously arranged in a clear glass vase. Fresh and eye-catching with extraordinary color, this bouquet will evoke warm feelings with its undeniable charm.  ",6"w x 8"h,https://cdn.floristone.com/small/B25-4401_t1.jpg,https://cdn.floristone.com/large/B25-4401_d1.jpg,https://cdn.floristone.com/hi-res/B25-4401_h1.jpg,http://www.floristone.com/detail.cfm?dcode=B25-4401&source_id=aff&affiliateid=2026097209,http://www.floristone.com/cart.cfm?dcode=B25-4401&source_id=aff&affiliateid=2026097209,1,1,1,1,1,0,1,0,Vase Arrangements
The Harvest Home Cornucopia,B3-4413,79.9500,"Offer happy wishes and abundant beauty this harvest season with our traditional cornucopia bursting with Fall's richest hues. The royal combination of orange roses, peach lilies, burgundy mini carnations, eucalyptus and lush greens, arranged in a natural cornucopia basket, create a dazzling display of Autumn elegance your special recipient will treasure.",18"w x 9"h,https://cdn.floristone.com/small/B3-4413_t1.jpg,https://cdn.floristone.com/large/B3-4413_d1.jpg,https://cdn.floristone.com/hi-res/B3-4413_h1.jpg,http://www.floristone.com/detail.cfm?dcode=B3-4413&source_id=aff&affiliateid=2026097209,http://www.floristone.com/cart.cfm?dcode=B3-4413&source_id=aff&affiliateid=2026097209,0,0,0,0,0,0,0,0,
The Happy Thoughts Bouquet,B3-4921,79.9500,"The Happy Thoughts Bouquet pops with brilliant color to celebrate the coming of the harvest months. Yellow, deep orange, rich red and bright orange Asiatic lilies create an incredible display of beauty perfectly arranged in a designer ruby square glass vase to bring your special recipient a warm wish for autumn days full of happiness. ",14"w x 16"h,https://cdn.floristone.com/small/B3-4921_t1.jpg,https://cdn.floristone.com/large/B3-4921_d1.jpg,https://cdn.floristone.com/hi-res/B3-4921_h1.jpg,http://www.floristone.com/detail.cfm?dcode=B3-4921&source_id=aff&affiliateid=2026097209,http://www.floristone.com/cart.cfm?dcode=B3-4921&source_id=aff&affiliateid=2026097209,1,1,1,1,1,0,1,0,Vase Arrangements
The Justice Basket,B30-4340,79.9500,"The Justice Basket is a perfect display of patriotic beauty. Red spray roses, carnations and miniature carnations are accented with a spray of white standard daisies presented in a whitewash basket gorgeously accented with a blue designer ribbon to create a floral arrangement that will do your heartfelt sentiment justice.",9"w x 9"h,https://cdn.floristone.com/small/B30-4340_t1.jpg,https://cdn.floristone.com/large/B30-4340_d1.jpg,https://cdn.floristone.com/hi-res/B30-4340_h1.jpg,http://www.floristone.com/detail.cfm?dcode=B30-4340&source_id=aff&affiliateid=2026097209,http://www.floristone.com/cart.cfm?dcode=B30-4340&source_id=aff&affiliateid=2026097209,1,1,0,0,0,0,1,0,Centerpieces
The Independence Bouquet,B30-4341,79.9500,The Independence Bouquet will dazzle your recipient this Summer just in time for the exciting celebration that the Fourth of July brings. Brilliant red roses and white Asiatic lilies are subtly accented with Queen Anne's Lace and a sheer blue ribbon all perfectly presented in a clear glass bubble bowl creating a gorgeous gift that will make their holiday complete.,8"w x 9"h,https://cdn.floristone.com/small/B30-4341_t1.jpg,https://cdn.floristone.com/large/B30-4341_d1.jpg,https://cdn.floristone.com/hi-res/B30-4341_h1.jpg,http://www.floristone.com/detail.cfm?dcode=B30-4341&source_id=aff&affiliateid=2026097209,http://www.floristone.com/cart.cfm?dcode=B30-4341&source_id=aff&affiliateid=2026097209,1,0,0,0,1,0,1,1,Vase Arrangements
The American Glory Bouquet,B30-4433,79.9500,"The American Glory Bouquet bursts with patriotic pride and heartfelt beauty. Blue delphinium, bright red carnations and mini carnations and brilliant white Asiatic lilies create a spectacular display arranged amongst American Flags in a round whitewash basket, creating a lovely way to celebrate this coming July 4th holiday. ",12"w x 18"h,https://cdn.floristone.com/small/B30-4433_t1.jpg,https://cdn.floristone.com/large/B30-4433_d1.jpg,https://cdn.floristone.com/hi-res/B30-4433_h1.jpg,http://www.floristone.com/detail.cfm?dcode=B30-4433&source_id=aff&affiliateid=2026097209,http://www.floristone.com/cart.cfm?dcode=B30-4433&source_id=aff&affiliateid=2026097209,1,0,0,0,1,0,1,1,Centerpieces
The Unity Bouquet,B30-4434,79.9500,"The Unity Bouquet sparks the hearts of all Americans with its patriotic beauty and dazzling color. Bright red roses mingle with blue iris arranged amongst white Peruvian lilies and assorted greens. Accented with two American Flags and a red, white and blue ribbon, this stunning bouquet arrives arranged in a clear glass vase to create a gorgeous way to celebrate our Independence Day.",14"w x 18"h,https://cdn.floristone.com/small/B30-4434_t1.jpg,https://cdn.floristone.com/large/B30-4434_d1.jpg,https://cdn.floristone.com/hi-res/B30-4434_h1.jpg,http://www.floristone.com/detail.cfm?dcode=B30-4434&source_id=aff&affiliateid=2026097209,http://www.floristone.com/cart.cfm?dcode=B30-4434&source_id=aff&affiliateid=2026097209,1,0,0,0,1,0,1,1,Vase Arrangements
The Bright Autumn Centerpiece,B4-4112,79.9500,"The Bright Autumn Centerpiece spins the magic of the Fall season with each sun-kissed petal to set your gathering space aglow with blooming beauty. Two taper candles are surrounded by a gorgeous arrangement consisting of orange Asiatic Lilies, gerbera daisies, and roses with golden Peruvian Lilies, burgundy cushion poms and assorted greens to create the perfect addition to your Autumn celebration. ",15"w x 8"h,https://cdn.floristone.com/small/B4-4112_t1.jpg,https://cdn.floristone.com/large/B4-4112_d1.jpg,https://cdn.floristone.com/hi-res/B4-4112_h1.jpg,http://www.floristone.com/detail.cfm?dcode=B4-4112&source_id=aff&affiliateid=2026097209,http://www.floristone.com/cart.cfm?dcode=B4-4112&source_id=aff&affiliateid=2026097209,1,1,1,0,0,0,0,0,Centerpieces
The Golden Autumn Bouquet,B4-4785,79.9500,"The Golden Autumn Bouquet exudes the warmth and comfort of the harvest season with each colorful bloom. Peach spray roses, burgundy mini carnations, butterscotch chrysanthemums and lush greens are arranged beautifully in a classic clear glass vase accented with an orange plaid ribbon around the neck, creating a truly wonderful bouquet that will send your sweetest sentiments to your special recipient for a fantastic fall. ",11"w x 14"h,https://cdn.floristone.com/small/B4-4785_t1.jpg,https://cdn.floristone.com/large/B4-4785_d1.jpg,https://cdn.floristone.com/hi-res/B4-4785_h1.jpg,http://www.floristone.com/detail.cfm?dcode=B4-4785&source_id=aff&affiliateid=2026097209,http://www.floristone.com/cart.cfm?dcode=B4-4785&source_id=aff&affiliateid=2026097209,1,1,1,0,1,0,1,0,Vase Arrangements
The Natural Elegance Bouquet,B4-4953,79.9500,"The Natural Elegance Bouquet exudes the warm comforts and essence of the autumn months with its rich and vibrant colors. Rust Asiatic lilies, orange roses, bronze traditional daisies, yellow chrysanthemums, burgundy mini carnations and lush greens are perfectly arranged to create a simply stunning fresh flower bouquet. Presented in a clear glass cylinder vase lined with red ti leaves to create an elegant finished effect, this flower arrangement makes an excellent way to share in the fun of your special recipient's Thanksgiving get-together, fall birthday, or can be sent to express your thanks or get well wishes.",11"w x 12"h,https://cdn.floristone.com/small/B4-4953_t1.jpg,https://cdn.floristone.com/large/B4-4953_d1.jpg,https://cdn.floristone.com/hi-res/B4-4953_h1.jpg,http://www.floristone.com/detail.cfm?dcode=B4-4953&source_id=aff&affiliateid=2026097209,http://www.floristone.com/cart.cfm?dcode=B4-4953&source_id=aff&affiliateid=2026097209,0,1,1,0,1,0,1,0,Centerpieces
The Autumn Roads Bouquet,B4-5128,79.9500,"Leading to a journey full of crisp fresh air and harvest sunlight, this stunning fall bouquet weaves together the fabric of this festive season. Bronze chrysanthemums, orange Peruvian Lilies, and butterscotch daisies blend together to create a warm and inviting bouquet accented with lush greens and dried wheat stems to give it a homespun, natural look. Presented in classic clear glass vase tied with a copper satin ribbon at the neck, this autumn flower arrangement is set to create a memorable thank you, thinking of you, or Thanksgiving gift. ",12"w x 15"h,https://cdn.floristone.com/small/B4-5128_t1.jpg,https://cdn.floristone.com/large/B4-5128_d1.jpg,https://cdn.floristone.com/hi-res/B4-5128_h1.jpg,http://www.floristone.com/detail.cfm?dcode=B4-5128&source_id=aff&affiliateid=2026097209,http://www.floristone.com/cart.cfm?dcode=B4-5128&source_id=aff&affiliateid=2026097209,0,1,1,0,1,0,1,0,Vase Arrangements
The Abundant Harvest Basket,B5-5122,79.9500,"Doting on fall color and harvest beauty, this fresh flower arrangement exhibits deep burgundy hues against alluring oranges to create a unique moment for your recipient. Orange roses have a truly charming look surrounded by orange carnations, orange Peruvian Lilies, and peach hypericum berries, offset by burgundy mini carnations and lush greens for an enchanting affect. Presented in a rectangular stained woodchip basket, this harvest flower arrangement is a sensational way to express your love and gratitude throughout the fall months ahead.",13"w x 13"h,https://cdn.floristone.com/small/B5-5122_t1.jpg,https://cdn.floristone.com/large/B5-5122_d1.jpg,https://cdn.floristone.com/hi-res/B5-5122_h1.jpg,http://www.floristone.com/detail.cfm?dcode=B5-5122&source_id=aff&affiliateid=2026097209,http://www.floristone.com/cart.cfm?dcode=B5-5122&source_id=aff&affiliateid=2026097209,0,1,1,0,1,0,1,0,Centerpieces
The Heart of the Harvest Centerpiece,B6-4955,79.9500,"The Heart of the Harvest Centerpiece exudes warmth and autumn elegance to create the perfect addition to their fall table. Orange roses, burgundy carnations, rust Asiatic lilies, burgundy mini carnations, bronze traditional daisies, yellow solidago and lush greens are beautifully arranged to surround a clear glass hurricane holding a single burgundy taper candle to create an eye-catching centerpiece. Set to bring color, life and light to your special recipient's gathering, this fresh floral centerpiece will create an excellent Thanksgiving gift.",15"w x 6"h,https://cdn.floristone.com/small/B6-4955_t1.jpg,https://cdn.floristone.com/large/B6-4955_d1.jpg,https://cdn.floristone.com/hi-res/B6-4955_h1.jpg,http://www.floristone.com/detail.cfm?dcode=B6-4955&source_id=aff&affiliateid=2026097209,http://www.floristone.com/cart.cfm?dcode=B6-4955&source_id=aff&affiliateid=2026097209,0,0,0,0,0,0,0,0,Centerpieces
The Autumn Treasures Bouquet,B6-5126,79.9500,"Mirroring the hue of a great cabernet, sipped on a cool autumn day, this elegant flower bouquet is sure to capture their heart. Rich red roses, burgundy daisies, burgundy carnations, and red Asiatic Lilies are accented with red hypericum berries, seeded eucalyptus, and glycerized oak leaf stems styled in a ruby glass vase. An impressive thank you, birthday, or Thanksgiving gift. ",11"w x 13"h,https://cdn.floristone.com/small/B6-5126_t1.jpg,https://cdn.floristone.com/large/B6-5126_d1.jpg,https://cdn.floristone.com/hi-res/B6-5126_h1.jpg,http://www.floristone.com/detail.cfm?dcode=B6-5126&source_id=aff&affiliateid=2026097209,http://www.floristone.com/cart.cfm?dcode=B6-5126&source_id=aff&affiliateid=2026097209,0,1,1,0,1,0,1,0,Vase Arrangements
The Homespun Harvest Bouquet,B7-5124,79.9500,"A nod to the rich, deep colors of the autumn season, this inspiring bouquet adds a touch of glamour to the harvest months ahead. Burgundy chrysanthemums, plum chrysanthemums, red mini carnations, and purple statice are highlighted by pops of orange carnations, all while situated in a rustic square wooden container. An excellent way to send a touch of fall beauty to your recipient to help them bring the magic of the season into their home. ",10"w x 10"h,https://cdn.floristone.com/small/B7-5124_t1.jpg,https://cdn.floristone.com/large/B7-5124_d1.jpg,https://cdn.floristone.com/hi-res/B7-5124_h1.jpg,http://www.floristone.com/detail.cfm?dcode=B7-5124&source_id=aff&affiliateid=2026097209,http://www.floristone.com/cart.cfm?dcode=B7-5124&source_id=aff&affiliateid=2026097209,0,1,1,0,1,0,1,0,Centerpieces
The Autumn Beauty Bouquet,B7-5127,79.9500,"Expressing the very essence of the autumn season with each wonderfully colorful bloom, this fresh flower bouquet has been designed with an artist's eye to help you send a warm and inviting gift. Starting with deep plum chrysanthemums as the base, this arrangement is highlighted by purple gilly flower, purple double lisianthus, hot pink mini carnations, lush green accents, and sunny glycerized oak leaf stems. Presented in a classic clear glass vase this gift of flowers has been designed just for you to help you celebrate Thanksgiving, a fall birthday, or a special anniversary. ",12"w x 17"h,https://cdn.floristone.com/small/B7-5127_t1.jpg,https://cdn.floristone.com/large/B7-5127_d1.jpg,https://cdn.floristone.com/hi-res/B7-5127_h1.jpg,http://www.floristone.com/detail.cfm?dcode=B7-5127&source_id=aff&affiliateid=2026097209,http://www.floristone.com/cart.cfm?dcode=B7-5127&source_id=aff&affiliateid=2026097209,0,1,1,0,1,0,1,0,Vase Arrangements
The Joyous Holiday Bouquet,B8-4963,89.9500,"The Joyous Holiday Bouquet is a seasonal sensation your special recipient will love. Rich red roses, carnations, and mini carnations are brought together with brilliant white Asiatic lilies and chrysanthemums accented with lush holiday greens to create an incredible fresh flower arrangement. Presented in a clear glass gathered square vase embellished with red ribbon at the neck dangling foil-wrapped present accents to give it a festive look, this holiday flower bouquet will make an excellent Christmas gift for your favorite friends, family or co-workers.",17"H x 14"W,https://cdn.floristone.com/small/B8-4963_t1.jpg,https://cdn.floristone.com/large/B8-4963_d1.jpg,https://cdn.floristone.com/hi-res/B8-4963_h1.jpg,http://www.floristone.com/detail.cfm?dcode=B8-4963&source_id=aff&affiliateid=2026097209,http://www.floristone.com/cart.cfm?dcode=B8-4963&source_id=aff&affiliateid=2026097209,0,0,0,0,0,0,0,0,One Sided Arrangements
The Season's Sparkle Bouquet,B8-5137,89.9500,"The holidays always seem to have an extra glimmering light set about those who make each moment count, adding love and friendship to an already joyous time. This fresh flower bouquet has been hand designed to reflect this treasured moment bringing together red roses, red Peruvian Lilies, red Asiatic Lilies and burgundy mini carnations, accented with an assortment of Christmas greens and shining red glass holiday balls. Presented in an oversized clear glass cylindrical vase lined elegantly with ti leaf material to give it a finished affect, this holiday flower bouquet is ready to make this yuletide season one to remember.",11"H x 10"W,https://cdn.floristone.com/small/B8-5137_t1.jpg,https://cdn.floristone.com/large/B8-5137_d1.jpg,https://cdn.floristone.com/hi-res/B8-5137_h1.jpg,http://www.floristone.com/detail.cfm?dcode=B8-5137&source_id=aff&affiliateid=2026097209,http://www.floristone.com/cart.cfm?dcode=B8-5137&source_id=aff&affiliateid=2026097209,0,0,0,0,0,0,0,0,Centerpieces
Lights of the Season Centerpiece,B9-4833,94.9500,"The Lights of the Season Centerpiece is an exquisite way to bring the magic of the holiday season to your celebrations with family and friends. Brilliant red carnations and mini carnations are gorgeously arranged amongst variegated holly and an assortment of holiday greens. Accented with red glass balls and a bright red wired ribbon, this arrangement encircles 3 red taper candles to bring the perfect glow to your festivities",6"H x 20"W,https://cdn.floristone.com/small/B9-4833_t1.jpg,https://cdn.floristone.com/large/B9-4833_d1.jpg,https://cdn.floristone.com/hi-res/B9-4833_h1.jpg,http://www.floristone.com/detail.cfm?dcode=B9-4833&source_id=aff&affiliateid=2026097209,http://www.floristone.com/cart.cfm?dcode=B9-4833&source_id=aff&affiliateid=2026097209,0,0,0,0,0,0,0,0,Centerpieces
The Thoughtful Expressions Bouquet,C10-5180,79.9500,"Brilliantly rosy in color, this fresh flower arrangement is out to have your recipient tickled pink with delight. Hot pink carnations and mini carnations start as the color base surrounded by the deeper red hues of roses, carnations, and Peruvian Lilies, accented with the lighter shade brought on by lavender button poms contrasting with assorted greens for a full and lush effect. Presented in a classic clear glass vase, this eye-catching flower bouquet is a standout thank you, thinking of you, or happy birthday gift",11"w x 14"h,https://cdn.floristone.com/small/C10-5180_t1.jpg,https://cdn.floristone.com/large/C10-5180_d1.jpg,https://cdn.floristone.com/hi-res/C10-5180_h1.jpg,http://www.floristone.com/detail.cfm?dcode=C10-5180&source_id=aff&affiliateid=2026097209,http://www.floristone.com/cart.cfm?dcode=C10-5180&source_id=aff&affiliateid=2026097209,0,1,1,1,1,0,1,0,Vase Arrangements
The Soft Persuasion Bouquet,C11-5171,79.9500,"Blossoming with a blushing grace and casual appeal your recipient will adore, this fresh flower arrangement will persuade them to see the beauty of all that surrounds them. Pink Asiatic Lilies are the star of this bouquet surrounded by hot pink carnations, hot pink roses, yellow solidago, green button poms, and lush greens, arranged to perfection in an oval woodchip basket to give it a chic country garden styling. A lovely way to say thank you, get well, or congratulations! ",12"w x 9"h,https://cdn.floristone.com/small/C11-5171_t1.jpg,https://cdn.floristone.com/large/C11-5171_d1.jpg,https://cdn.floristone.com/hi-res/C11-5171_h1.jpg,http://www.floristone.com/detail.cfm?dcode=C11-5171&source_id=aff&affiliateid=2026097209,http://www.floristone.com/cart.cfm?dcode=C11-5171&source_id=aff&affiliateid=2026097209,0,1,1,1,1,1,1,0,Centerpieces
The Wondrous Nature Bouquet,C12-4400,79.9500,"The Wondrous Nature Bouquet is bountifully bedecked with a dazzling display of color and beauty. Stargazer lilies stretch their fuchsia petals out amongst an arrangement of blue iris, white traditional daisies, orange mini carnations, purple statice, and yellow solidago in a round whitewash handled basket, creating a delightful bouquet your special recipient will adore. ",12"w x 15"h,https://cdn.floristone.com/small/C12-4400_t1.jpg,https://cdn.floristone.com/large/C12-4400_d1.jpg,https://cdn.floristone.com/hi-res/C12-4400_h1.jpg,http://www.floristone.com/detail.cfm?dcode=C12-4400&source_id=aff&affiliateid=2026097209,http://www.floristone.com/cart.cfm?dcode=C12-4400&source_id=aff&affiliateid=2026097209,1,1,1,1,0,0,1,0,One Sided Arrangements
Sweet Surprises Bouquet,C12-4792,79.9500,"The Sweet Surprises Bouquet is an absolutely charming way to send your warmest sentiments. Deep fuchsia spray roses, pink mini carnations, white traditional daisies and lush greens are sweetly situated in a classic clear glass vase accented with a perfectly pink designer ribbon to create a bouquet that will delight your special recipient at every turn. ",10"w x 13"h,https://cdn.floristone.com/small/C12-4792_t1.jpg,https://cdn.floristone.com/large/C12-4792_d1.jpg,https://cdn.floristone.com/hi-res/C12-4792_h1.jpg,http://www.floristone.com/detail.cfm?dcode=C12-4792&source_id=aff&affiliateid=2026097209,http://www.floristone.com/cart.cfm?dcode=C12-4792&source_id=aff&affiliateid=2026097209,1,1,1,1,0,0,0,0,Vase Arrangements
The Classic Beauty Bouquet,C12-5160,79.9500,"Soft, feminine, and blooming with a flowering finesse at every turn, this gorgeous fresh flower arrangement has a classic elegance to it that simply never goes out of style. Pink Asiatic Lilies serve as a focal point to this flower bouquet surrounded by cream double lisianthus, pink carnations, white spray roses, pink statice, and pink roses, lovingly accented with fronds of Queen Anne's Lace, stems of baby blue eucalyptus, and lush greens. Presented in a classic clear glass vase, this gorgeous gift of flowers is arranged just for you to create a treasured moment in honor of your recipient's birthday, an anniversary, or to celebrate the birth of a new baby girl.",18"w x 16"h,https://cdn.floristone.com/small/C12-5160_t1.jpg,https://cdn.floristone.com/large/C12-5160_d1.jpg,https://cdn.floristone.com/hi-res/C12-5160_h1.jpg,http://www.floristone.com/detail.cfm?dcode=C12-5160&source_id=aff&affiliateid=2026097209,http://www.floristone.com/cart.cfm?dcode=C12-5160&source_id=aff&affiliateid=2026097209,0,1,1,1,0,1,0,0,Vase Arrangements
The Pink Dream Bouquet,C13-5036,79.9500,"Classically elegant in a way that will never go out of style, this fresh flower arrangement is truly a dream. Pink roses and pink mini carnations are soft and sophisticated amongst a bed of white Asiatic Lilies, Peruvian Lilies, chrysanthemums, and statice, perfectly accented with lush greens while situated in a classic clear glass vase. A gorgeous birthday, thank you, or Mother's Day gift!",12"w x 13"h,https://cdn.floristone.com/small/C13-5036_t1.jpg,https://cdn.floristone.com/large/C13-5036_d1.jpg,https://cdn.floristone.com/hi-res/C13-5036_h1.jpg,http://www.floristone.com/detail.cfm?dcode=C13-5036&source_id=aff&affiliateid=2026097209,http://www.floristone.com/cart.cfm?dcode=C13-5036&source_id=aff&affiliateid=2026097209,0,1,1,1,0,1,0,0,Vase Arrangements
Love In Bloom Bouquet,C13-5161,89.9500,"Elegant and refined, this beautiful bouquet expresses love's every wish with it's array of sweet blooms. Pale pink roses, and hot pink spray roses look picture perfect surrounded by white hydrangea, peach hypericum berries, and pink limonium stylishly arranged in a raspberry hued glass cubed vase. An excellent way to say, I love you, celebrate an anniversary, or let your recipient know they are always on your mind! ",9"h x 11"w,https://cdn.floristone.com/small/C13-5161_t1.jpg,https://cdn.floristone.com/large/C13-5161_d1.jpg,https://cdn.floristone.com/hi-res/C13-5161_h1.jpg,http://www.floristone.com/detail.cfm?dcode=C13-5161&source_id=aff&affiliateid=2026097209,http://www.floristone.com/cart.cfm?dcode=C13-5161&source_id=aff&affiliateid=2026097209,1,0,1,1,0,0,0,0,Centerpieces
The Blushing Beauty Bouquet,C13-5166,79.9500,"Melt their heart with sun-crushed blooms blossoming with an array of color and light your recipient won't soon forget. Coral and hot pink gerbera daisies captivate the eye surrounded by pink Peruvian Lilies, pink and hot pink gilly flower, pale pink carnations and mini carnations, and lush greens situated beautifully in a modern clear glass vase. A simply wonderful way to send your warmest wishes in honor of their birthday, as a thank you or get well gift, or to shower them with your love and affection!",10"w x 13"h,https://cdn.floristone.com/small/C13-5166_t1.jpg,https://cdn.floristone.com/large/C13-5166_d1.jpg,https://cdn.floristone.com/hi-res/C13-5166_h1.jpg,http://www.floristone.com/detail.cfm?dcode=C13-5166&source_id=aff&affiliateid=2026097209,http://www.floristone.com/cart.cfm?dcode=C13-5166&source_id=aff&affiliateid=2026097209,0,1,1,1,0,0,0,0,Vase Arrangements
The Sweeter Than Ever Bouquet,C13-5170,79.9500,"Beckoning with sunlit grace and beauty, this warm and uplifting bouquet is ready to offer cheer and flowering elegance to your recipient today. A collection of pink blooms, including Peruvian Lilies, carnations, mini carnations, and roses, are highlighted by yellow and white chrysanthemums, yellow solidago, and lush greens for a winning affect they will adore. Presented in a classic clear glass vase, this lovely bouquet is set to create a wonderful birthday, thank you, or get well gift!",12"w x 15"h,https://cdn.floristone.com/small/C13-5170_t1.jpg,https://cdn.floristone.com/large/C13-5170_d1.jpg,https://cdn.floristone.com/hi-res/C13-5170_h1.jpg,http://www.floristone.com/detail.cfm?dcode=C13-5170&source_id=aff&affiliateid=2026097209,http://www.floristone.com/cart.cfm?dcode=C13-5170&source_id=aff&affiliateid=2026097209,1,1,1,1,1,1,1,0,Vase Arrangements
Garden Walk Bouquet,C14-4851,104.9500,"The Garden Walk Bouquet is an exquisite expression of natural beauty and grace. Assorted lavender roses, rich red roses, purple stock and lush greens have a fresh look of floral elegance presented in a modern clear glass vase to create a sweet sentiment ideal to celebrate any of life's special moments. ",11"w x 15"h,https://cdn.floristone.com/small/C14-4851_t1.jpg,https://cdn.floristone.com/large/C14-4851_d1.jpg,https://cdn.floristone.com/hi-res/C14-4851_h1.jpg,http://www.floristone.com/detail.cfm?dcode=C14-4851&source_id=aff&affiliateid=2026097209,http://www.floristone.com/cart.cfm?dcode=C14-4851&source_id=aff&affiliateid=2026097209,1,1,1,1,0,0,0,0,Vase Arrangements
Precious Heart Bouquet,C15-4790,84.9500,"The Precious Heart Bouquet is a blushing display of loving kindness. Fuchsia roses are sweetly stunning amongst red matsumoto asters, pink mini carnations and lush greens. Arranged in a classic clear glass vase. This bouquet will convey your warmest wishes.",11"w x 15"h,https://cdn.floristone.com/small/C15-4790_t1.jpg,https://cdn.floristone.com/large/C15-4790_d1.jpg,https://cdn.floristone.com/hi-res/C15-4790_h1.jpg,http://www.floristone.com/detail.cfm?dcode=C15-4790&source_id=aff&affiliateid=2026097209,http://www.floristone.com/cart.cfm?dcode=C15-4790&source_id=aff&affiliateid=2026097209,1,1,1,1,1,0,0,1,Funeral - Table Arrangements
The Basket of Dreams ,C15-4856,79.9500,"The Basket of Dreams blooms with vibrant color to capture their every attention. Red roses, magenta carnations, red Peruvian lilies, purple double lisianthus, red mini carnations, heather and lush greens are beautifully arranged in a natural woodchip basket and accented with a sheer red ribbon to create a fantastic display of brilliant beauty.",11"w x 11"h,https://cdn.floristone.com/small/C15-4856_t1.jpg,https://cdn.floristone.com/large/C15-4856_d1.jpg,https://cdn.floristone.com/hi-res/C15-4856_h1.jpg,http://www.floristone.com/detail.cfm?dcode=C15-4856&source_id=aff&affiliateid=2026097209,http://www.floristone.com/cart.cfm?dcode=C15-4856&source_id=aff&affiliateid=2026097209,1,1,1,1,1,0,1,0,Centerpieces
The Dramatic Effects Bouquet,C15-5176,79.9500,"Bring on the drama with a swirl of rich red roses surrounded by clouds of white with this perfectly stunning fresh flower bouquet. A departure from the everyday, this flower arrangement has everything you've been looking for - red roses, burgundy mini carnations, white Peruvian Lilies, white snapdragons, purple button poms, and lush greens. Presented in a classic clear glass vase, this sophisticated flower bouquet is a beautiful way to celebrate an anniversary, say, I love you, or express your happy birthday wishes.",16"w x 21"h,https://cdn.floristone.com/small/C15-5176_t1.jpg,https://cdn.floristone.com/large/C15-5176_d1.jpg,https://cdn.floristone.com/hi-res/C15-5176_h1.jpg,http://www.floristone.com/detail.cfm?dcode=C15-5176&source_id=aff&affiliateid=2026097209,http://www.floristone.com/cart.cfm?dcode=C15-5176&source_id=aff&affiliateid=2026097209,0,1,1,1,0,0,0,0,Vase Arrangements
The Sweet Perfection Bouquet,C15-5182,79.9500,"As perfect as a summer day, this flower arrangement has a sweet look and style that is set to delight your recipient with each bold bloom. Bright red gerbera daisies, carnations, mini carnations, and roses catch the eye against a back drop of clean white daisies, gilly flower, and limonium, accented with lush greens. Presented in a red glass vase tied with a red and white gingham ribbon for that extra special touch, this beautiful flower bouquet is ready to celebrate a birthday, anniversary, or as a way to send your congratulations wishes. ",13"w x 15"h,https://cdn.floristone.com/small/C15-5182_t1.jpg,https://cdn.floristone.com/large/C15-5182_d1.jpg,https://cdn.floristone.com/hi-res/C15-5182_h1.jpg,http://www.floristone.com/detail.cfm?dcode=C15-5182&source_id=aff&affiliateid=2026097209,http://www.floristone.com/cart.cfm?dcode=C15-5182&source_id=aff&affiliateid=2026097209,0,1,1,1,0,0,0,0,Vase Arrangements
All Aglow Bouquet,C15B-4950,79.9500,"Light up their life with incredible color and blooming beauty when you send this exquisite flower bouquet. Unforgettable peach roses are surrounded by red Peruvian lilies, pale yellow mini carnations, green hypericum berries, lily grass blades and lush greens to create a stunning flower arrangement. Presented in a clear glass cube vase to give it a sophisticated look, this mixed flower bouquet will express your sweetest thank you, get well or congratulations wishes.",9"h x 9"w,https://cdn.floristone.com/small/C15B-4950_t1.jpg,https://cdn.floristone.com/large/C15B-4950_d1.jpg,https://cdn.floristone.com/hi-res/C15B-4950_h1.jpg,http://www.floristone.com/detail.cfm?dcode=C15B-4950&source_id=aff&affiliateid=2026097209,http://www.floristone.com/cart.cfm?dcode=C15B-4950&source_id=aff&affiliateid=2026097209,1,0,0,0,0,0,1,0,Centerpieces
Pink Pursuits Bouquet,C15C-4972,79.9500,"The Pink Pursuits Bouquet is perfectly sweet and truly charming, casting its spell with each blushing bloom. Hot pink roses, carnations and matsumoto asters are brought together with pink carnations, waxflower and lush greens to create a fun and spirited flower arrangement. Presented in a clear glass cylinder vase lined with a ti leaf material to give it a sophisticated styling, this fresh flower bouquet is set to send your sweetest wishes to friends, family and loved ones in honor of a birthday, to express your thanks or to send your congratulations wishes on the birth of their new baby girl.",10"h x 11"w,https://cdn.floristone.com/small/C15C-4972_t1.jpg,https://cdn.floristone.com/large/C15C-4972_d1.jpg,https://cdn.floristone.com/hi-res/C15C-4972_h1.jpg,http://www.floristone.com/detail.cfm?dcode=C15C-4972&source_id=aff&affiliateid=2026097209,http://www.floristone.com/cart.cfm?dcode=C15C-4972&source_id=aff&affiliateid=2026097209,1,1,0,0,0,1,1,0,
Be Bold Bouquet,C15D-4949,79.9500,"Blooming with bright colors to boldly express your every emotion, this exquisite flower bouquet is set to celebrate. Hot pink roses, purple Peruvian lilies, lavender mini carnations, green hypericum berries, lily grass blades and lush greens are brought together to create an incredible flower arrangement. Presented in a clear glass cube vase, this mixed flower bouquet will make that perfect impression on a birthday, anniversary, or as a way to extend your congratulations or thank you wishes.",9"h x 9"w,https://cdn.floristone.com/small/C15D-4949_t1.jpg,https://cdn.floristone.com/large/C15D-4949_d1.jpg,https://cdn.floristone.com/hi-res/C15D-4949_h1.jpg,http://www.floristone.com/detail.cfm?dcode=C15D-4949&source_id=aff&affiliateid=2026097209,http://www.floristone.com/cart.cfm?dcode=C15D-4949&source_id=aff&affiliateid=2026097209,1,1,1,0,0,0,1,0,Centerpieces
The Stunning Beauty Bouquet,C16-4839,79.9500,"The Stunning Beauty Bouquet is an absolutely lovely way to send your love and affection across the miles. Fragrant Stargazer lilies stretch their star-like petals across a bed of rich red roses, lavender carnations, red Peruvian lilies, purple double lisianthus, purple matsumoto asters and lush greens. Presented in a classic clear glass vase, this elegant bouquet is an incredible way to convey your sweetest sentiments. ",15"w x 18"h,https://cdn.floristone.com/small/C16-4839_t1.jpg,https://cdn.floristone.com/large/C16-4839_d1.jpg,https://cdn.floristone.com/hi-res/C16-4839_h1.jpg,http://www.floristone.com/detail.cfm?dcode=C16-4839&source_id=aff&affiliateid=2026097209,http://www.floristone.com/cart.cfm?dcode=C16-4839&source_id=aff&affiliateid=2026097209,1,1,1,1,1,0,1,0,Vase Arrangements
The Fresh Focus Bouquet ,C16-5186,79.9500,"A sweet treat of beauty to get your recipient focused on all the magic that life can offer each day, this fresh flower arrangement is a gift they will always remember. White Asiatic Lilies are clean and bright against a berry colored back drop of purple gilly flower, hot pink carnations, green button poms, purple button poms, lavender roses, and lush greens. Arranged lovingly in a rectangular woodchip basket to give it a casual, yet sweet appeal, this fresh flower bouquet is set to create a wonderful birthday, thank you, or get well gift!",12"w x 11"h,https://cdn.floristone.com/small/C16-5186_t1.jpg,https://cdn.floristone.com/large/C16-5186_d1.jpg,https://cdn.floristone.com/hi-res/C16-5186_h1.jpg,http://www.floristone.com/detail.cfm?dcode=C16-5186&source_id=aff&affiliateid=2026097209,http://www.floristone.com/cart.cfm?dcode=C16-5186&source_id=aff&affiliateid=2026097209,1,1,1,1,1,0,1,0,Centerpieces
The Blooming Bounty Bouquet,C17-4329,79.9500,"This pretty basket is sure to cheer up anyone's day. This white-wash handled basket is filled with green button pompons, white daisy pompons, hot pink mini carnations and purple carnations. A lavender ribbon bow completes your best wishes.",12"w x 9"h,https://cdn.floristone.com/small/C17-4329_t1.jpg,https://cdn.floristone.com/large/C17-4329_d1.jpg,https://cdn.floristone.com/hi-res/C17-4329_h1.jpg,http://www.floristone.com/detail.cfm?dcode=C17-4329&source_id=aff&affiliateid=2026097209,http://www.floristone.com/cart.cfm?dcode=C17-4329&source_id=aff&affiliateid=2026097209,1,1,1,1,1,0,1,0,Centerpieces
The Angelique Bouquet,C17-4842,79.9500,"The Angelique Bouquet blooms with sweet sophistication and gorgeous grace to create a special moment for your recipient. Cream roses are arranged to perfection against the royal purple hues of double lisianthus and monte casino asters perfectly accented with lush greens. Presented in a clear gathered square glass vase tied at the neck with an amber wired taffeta ribbon, this bouquet is an exquisite way to extend your warmest wishes and affection. ",12"w x 14"h,https://cdn.floristone.com/small/C17-4842_t1.jpg,https://cdn.floristone.com/large/C17-4842_d1.jpg,https://cdn.floristone.com/hi-res/C17-4842_h1.jpg,http://www.floristone.com/detail.cfm?dcode=C17-4842&source_id=aff&affiliateid=2026097209,http://www.floristone.com/cart.cfm?dcode=C17-4842&source_id=aff&affiliateid=2026097209,1,1,1,1,1,0,1,0,Vase Arrangements
The Share My World Bouquet,C17-5151,79.9500,"Share a world blooming in brilliant color and undeniable texture with this frilly and fun fresh flower bouquet . Blue iris, burgundy mini carnations, green button poms, lavender carnations, purple matsumoto asters, lavender roses, and lush greens mingle together to create a fascinating display. Presented in a modern clear glass vase tied with a lime green satin ribbon at the neck, this gift of flowers is a special surprise your recipient will love. ",12"w x 15"h,https://cdn.floristone.com/small/C17-5151_t1.jpg,https://cdn.floristone.com/large/C17-5151_d1.jpg,https://cdn.floristone.com/hi-res/C17-5151_h1.jpg,http://www.floristone.com/detail.cfm?dcode=C17-5151&source_id=aff&affiliateid=2026097209,http://www.floristone.com/cart.cfm?dcode=C17-5151&source_id=aff&affiliateid=2026097209,1,1,1,1,1,0,1,0,Vase Arrangements
The Shades of Purple Bouquet,C17-5187,79.9500,"Everyone loves a little purple in their life - it's elegance, it's twilight magic, it's expression of the unexpected. Send your recipient every shade of purple nature can supply with this flower arrangement, bringing together lavender gilly flower, purple double lisianthus, lavender chrysanthemums, purple Peruvian Lilies, and purple statice, accented with white Asiatic Lilies and lush greens presented in a modern purple swirled glass vase. A wonderful birthday, anniversary, or thank you gift! ",13"w x 16"h,https://cdn.floristone.com/small/C17-5187_t1.jpg,https://cdn.floristone.com/large/C17-5187_d1.jpg,https://cdn.floristone.com/hi-res/C17-5187_h1.jpg,http://www.floristone.com/detail.cfm?dcode=C17-5187&source_id=aff&affiliateid=2026097209,http://www.floristone.com/cart.cfm?dcode=C17-5187&source_id=aff&affiliateid=2026097209,1,1,1,1,1,0,1,0,Vase Arrangements
The Beloved Bouquet,C18-4858,79.9500,"The Beloved Bouquet brings roses and carnations together in a sophisticated arrangement to offer your love and affection. Lavender roses, green carnations, purple stock, green hypericum berries, green button poms and lush greens are gorgeously arranged in a clear glass cubed vase lined with variegated ti leaves for a modern and stylish effect, making this a wonderfully romantic gift of sweetness set to brighten their day. ",11"w x 11"h,https://cdn.floristone.com/small/C18-4858_t1.jpg,https://cdn.floristone.com/large/C18-4858_d1.jpg,https://cdn.floristone.com/hi-res/C18-4858_h1.jpg,http://www.floristone.com/detail.cfm?dcode=C18-4858&source_id=aff&affiliateid=2026097209,http://www.floristone.com/cart.cfm?dcode=C18-4858&source_id=aff&affiliateid=2026097209,1,1,1,1,1,0,1,0,Vase Arrangements
Splendid Day Bouquet,C19-4846,79.9500,"The Splendid Day Bouquet, set with roses and asters, creates the perfect bouquet for any of life's special moments. Lavender roses, lavender monte casino asters, purple matsumoto asters, green hypericum berries, green button poms and lush greens create a stunning flower bouquet perfectly arranged in a clear glass bubble bowl vase to create a wonderful thank you, happy birthday or congratulations gift.",12"w x 10"h,https://cdn.floristone.com/small/C19-4846_t1.jpg,https://cdn.floristone.com/large/C19-4846_d1.jpg,https://cdn.floristone.com/hi-res/C19-4846_h1.jpg,http://www.floristone.com/detail.cfm?dcode=C19-4846&source_id=aff&affiliateid=2026097209,http://www.floristone.com/cart.cfm?dcode=C19-4846&source_id=aff&affiliateid=2026097209,1,1,1,1,1,0,1,0,Vase Arrangements
The New Sunrise Bouquet,C2-5229,79.9500,"It's a new dawn for a new day, and your recipient is going to rise to meet every expectation with the energy and beauty of this gorgeous flower arrangement by their side. Orange roses capture the essence of the perfect sunrise offset by hot pink spray roses, hot pink carnations, orange carnations, fuchsia gilly flower, green mini hydrangea, seeded eucalyptus, and lush greens situated in a oval stained woodchip basket to give it a natural, rustic, and simply stylish look. A wonderful thank you, birthday, or thinking of you gift! ",13"w x 10"h,https://cdn.floristone.com/small/C2-5229_t1.jpg,https://cdn.floristone.com/large/C2-5229_d1.jpg,https://cdn.floristone.com/hi-res/C2-5229_h1.jpg,http://www.floristone.com/detail.cfm?dcode=C2-5229&source_id=aff&affiliateid=2026097209,http://www.floristone.com/cart.cfm?dcode=C2-5229&source_id=aff&affiliateid=2026097209,0,1,1,0,1,0,1,1,Centerpieces
The Love is Grand Bouquet,C20-5178,79.9500,"Love makes the world go 'round and this fresh flower arrangement is out to prove it with it's deep, romantic coloring and, oh, so sophisticated styling. Rich red roses mingle with red Peruvian Lilies, hot pink carnations, purple statice, red hypericum berries, liatris, and lush greens, elegantly arranged in ruby red glass vase to create an impactive visual affect. Bursting with love from every bloom, this bouquet is out to create a standout anniversary, birthday, or, I love you, gift. ",12"w x 19"h,https://cdn.floristone.com/small/C20-5178_t1.jpg,https://cdn.floristone.com/large/C20-5178_d1.jpg,https://cdn.floristone.com/hi-res/C20-5178_h1.jpg,http://www.floristone.com/detail.cfm?dcode=C20-5178&source_id=aff&affiliateid=2026097209,http://www.floristone.com/cart.cfm?dcode=C20-5178&source_id=aff&affiliateid=2026097209,0,1,1,0,0,0,1,0,Vase Arrangements
The Pure Bliss Bouquet,C21-5184,79.9500,"The power of pink is packed into one beautifully blushing bouquet to make your recipient's day one they will never forget! Red roses make the hot pink petals of carnations, gilly flower, and gerbera daisies pop in this fun and fanciful flower arrangement accented with lush greens and presented in a gathered square clear glass vase. Berried bliss in every way, this bouquet is set to create a standout birthday, congratulations, or thank you gift. ",9"w x 15"h,https://cdn.floristone.com/small/C21-5184_t1.jpg,https://cdn.floristone.com/large/C21-5184_d1.jpg,https://cdn.floristone.com/hi-res/C21-5184_h1.jpg,http://www.floristone.com/detail.cfm?dcode=C21-5184&source_id=aff&affiliateid=2026097209,http://www.floristone.com/cart.cfm?dcode=C21-5184&source_id=aff&affiliateid=2026097209,0,1,1,0,0,0,1,0,Vase Arrangements
The Blooming Embrace Bouquet,C22-5181,79.9500,"A hug sent from across the miles wrapped in blooming beauty, this fresh flower arrangement conveys your heartfelt emotions with each astonishing bloom. Lavender roses are sweetly stylish surrounded by purple carnations, frilly and fragrant white gilly flower, and green button poms, accented with lush greens and presented in a classic clear glass vase. A lovely way to send your warmest wishes in honor of a birthday, anniversary, or simply to say they are always on your mind.",18"w x 17"h,https://cdn.floristone.com/small/C22-5181_t1.jpg,https://cdn.floristone.com/large/C22-5181_d1.jpg,https://cdn.floristone.com/hi-res/C22-5181_h1.jpg,http://www.floristone.com/detail.cfm?dcode=C22-5181&source_id=aff&affiliateid=2026097209,http://www.floristone.com/cart.cfm?dcode=C22-5181&source_id=aff&affiliateid=2026097209,0,1,1,1,0,0,1,0,Vase Arrangements
The Beautiful Expressions Bouquet,C22-5183,79.9500,"Showcasing a fresh-from-the-garden appeal that will captivate your recipient with it's graceful beauty, this fresh flower arrangement is ready to create a special moment they will never forget. Lavender roses draw them in, surrounded by the alluring textures of green carnations, purple larkspur, purple Peruvian Lilies, bupleurum, and a variety of lush greens. Presented in a green swirled glass vase that adds further interest and color to this flower bouquet, this blooming gift is the perfect way to celebrate a birthday, say thank you, or send your warmest get well wishes. ",14"w x 20"h,https://cdn.floristone.com/small/C22-5183_t1.jpg,https://cdn.floristone.com/large/C22-5183_d1.jpg,https://cdn.floristone.com/hi-res/C22-5183_h1.jpg,http://www.floristone.com/detail.cfm?dcode=C22-5183&source_id=aff&affiliateid=2026097209,http://www.floristone.com/cart.cfm?dcode=C22-5183&source_id=aff&affiliateid=2026097209,0,1,1,1,1,0,1,0,Vase Arrangements
French Garden,C23-4886,79.9500,"The French Garden employs lush, green plants to create a gift ideal for any of life's special occasions. Containing a varied assortment of green plants, this dish garden arrives presented in a basket to create a wonderful way to send your sentiments across the miles. Variety of plants and basket style will vary.",14"w x18"h,https://cdn.floristone.com/small/C23-4886_t1.jpg,https://cdn.floristone.com/large/C23-4886_d1.jpg,https://cdn.floristone.com/hi-res/C23-4886_h1.jpg,http://www.floristone.com/detail.cfm?dcode=C23-4886&source_id=aff&affiliateid=2026097209,http://www.floristone.com/cart.cfm?dcode=C23-4886&source_id=aff&affiliateid=2026097209,1,1,0,0,1,0,1,1,Plants
The Loving Light Dishgarden,C27-4527,79.9500,"The Loving Light Dishgarden is a ray of hope and a beautiful symbol of eternal life offered through our finest collection of plants. Adorned with a yellow fresh cut chrusanthemums, this gorgeous dishgarden will bring comfort and extend sympathy throughout the months ahead. Variety of plants and basket style will vary.",13"w x 18"h,https://cdn.floristone.com/small/C27-4527_t1.jpg,https://cdn.floristone.com/large/C27-4527_d1.jpg,https://cdn.floristone.com/hi-res/C27-4527_h1.jpg,http://www.floristone.com/detail.cfm?dcode=C27-4527&source_id=aff&affiliateid=2026097209,http://www.floristone.com/cart.cfm?dcode=C27-4527&source_id=aff&affiliateid=2026097209,1,1,0,0,1,0,1,1,Plants
The Schefflera Arboricola,C28-4890,114.9500,"The Schefflera Arboricola, or more commonly known as a Dwarf Umbrella Tree, is a lush and vibrant way to bring nature into any space. This incredible plant displays its beautiful foliage presented in a round graphite container for a look of modern sophistication, making it an ideal plant suited to fit into any interior decor. 1 plant. ","w x 10" plant"h,https://cdn.floristone.com/small/C28-4890_t1.jpg,https://cdn.floristone.com/large/C28-4890_d1.jpg,https://cdn.floristone.com/hi-res/C28-4890_h1.jpg,http://www.floristone.com/detail.cfm?dcode=C28-4890&source_id=aff&affiliateid=2026097209,http://www.floristone.com/cart.cfm?dcode=C28-4890&source_id=aff&affiliateid=2026097209,0,1,0,0,0,0,1,1,Plants
The Sunny Sentiments Bouquet,C3-4793,79.9500,"The Sunny Sentiments Bouquet is a blooming expression of charming cheer. Brilliant yellow roses and Peruvian Lilies are paired with white traditional daisies and green button poms to create a memorable bouquet. Accented with lush greens and arranged in a classic clear glass vase, this bouquet is a wonderful way to celebrate any of life's special moments. ",12"w x 16"h,https://cdn.floristone.com/small/C3-4793_t1.jpg,https://cdn.floristone.com/large/C3-4793_d1.jpg,https://cdn.floristone.com/hi-res/C3-4793_h1.jpg,http://www.floristone.com/detail.cfm?dcode=C3-4793&source_id=aff&affiliateid=2026097209,http://www.floristone.com/cart.cfm?dcode=C3-4793&source_id=aff&affiliateid=2026097209,1,1,1,0,1,0,1,0,Vase Arrangements
Nature's Bounty Bouquet,C3-5153,79.9500,"Bright, vibrant, and ready to inspire with each sun-kissed bloom, this simply stunning flower bouquet is a gift your recipient will always remember. Rich red roses, orange roses, orange spray roses, orange gerbera daisies, orange Asiatic Lilies, flame mini calla lilies, red hypericum berries, and an assortment of lush greens are perfectly arranged in a oval stained woodchip basket to give this flower bouquet a natural, rustic appeal that makes it easily fit into any home or office decor. Ready to add a touch of sunshine and color to their dining table, side table, or counter space, this flower arrangement is set to create a gorgeous and unforgettable birthday, thank you, or thinking of you gift! ",14"w x 12"h,https://cdn.floristone.com/small/C3-5153_t1.jpg,https://cdn.floristone.com/large/C3-5153_d1.jpg,https://cdn.floristone.com/hi-res/C3-5153_h1.jpg,http://www.floristone.com/detail.cfm?dcode=C3-5153&source_id=aff&affiliateid=2026097209,http://www.floristone.com/cart.cfm?dcode=C3-5153&source_id=aff&affiliateid=2026097209,0,1,1,0,1,0,1,0,Centerpieces
The So Beautiful Bouquet,C3-5159,79.9500,"They bring beauty to your life and it's time you showed your appreciation to them for every moment with this gorgeous flower arrangement. Designed with an eye for detail, this bouquet blossoms with burgundy gerbera daisies, pink Asiatic Lilies, pink spray roses, blue iris, lavender statice, and lavender monte casino asters, accented with seeded eucalyptus and lush greens while situated in a vine and moss planter to give it a fresh-from-the-garden appeal. A wonderful way to surprise and delight your recipient in honor of any of life's most treasured moments!",12"w x 12"h,https://cdn.floristone.com/small/C3-5159_t1.jpg,https://cdn.floristone.com/large/C3-5159_d1.jpg,https://cdn.floristone.com/hi-res/C3-5159_h1.jpg,http://www.floristone.com/detail.cfm?dcode=C3-5159&source_id=aff&affiliateid=2026097209,http://www.floristone.com/cart.cfm?dcode=C3-5159&source_id=aff&affiliateid=2026097209,0,1,1,0,1,0,1,0,Centerpieces
The Bountiful Garden Bouquet,C3-5179,79.9500,"Inspired by French country gardens, this captivating flower bouquet has a Victorian styling your recipient will adore. White and salmon roses made the eyes dance while surrounded by pink larkspur, cream gilly flower, peach spray roses, clouds of white hydrangea, dusty miller stems, and lush greens, arranged to perfection in an oval stained woodchip basket that helps to blend soft sophistication with raw, rustic appeal. That perfect happy birthday, thinking of you, or thank you gift! ",16"w x 14"h,https://cdn.floristone.com/small/C3-5179_t1.jpg,https://cdn.floristone.com/large/C3-5179_d1.jpg,https://cdn.floristone.com/hi-res/C3-5179_h1.jpg,http://www.floristone.com/detail.cfm?dcode=C3-5179&source_id=aff&affiliateid=2026097209,http://www.floristone.com/cart.cfm?dcode=C3-5179&source_id=aff&affiliateid=2026097209,0,1,1,0,1,1,1,0,Centerpieces
Thoughtful Gesture Fruit Basket,C30-4571,79.9500,The Thoughtful Gesture Fruit Basket is a gift that offers warmth and comfort whenever it is needed. A beautiful green-rimmed natural woodchip basket accented with a green taffeta ribbon arrives with a collection of everyone's fruit favorites.,13"w x 13"h,https://cdn.floristone.com/small/C30-4571_t1.jpg,https://cdn.floristone.com/large/C30-4571_d1.jpg,https://cdn.floristone.com/hi-res/C30-4571_h1.jpg,http://www.floristone.com/detail.cfm?dcode=C30-4571&source_id=aff&affiliateid=2026097209,http://www.floristone.com/cart.cfm?dcode=C30-4571&source_id=aff&affiliateid=2026097209,1,1,0,0,1,0,1,0,Fruit Baskets
Fruit & Flowers Basket,C30-4572,84.9500,"The Fruit & Flowers Basket is a thoughtful gift that conveys your warmest sentiments. Pink roses, pink stock, orange spray roses, green gladiolus, variegated ivy, and lush greens are arranged amongst a collection of fruit, gorgeously seated in a large green basket to create a stunning gift. ",16"w x 14"h,https://cdn.floristone.com/small/C30-4572_t1.jpg,https://cdn.floristone.com/large/C30-4572_d1.jpg,https://cdn.floristone.com/hi-res/C30-4572_h1.jpg,http://www.floristone.com/detail.cfm?dcode=C30-4572&source_id=aff&affiliateid=2026097209,http://www.floristone.com/cart.cfm?dcode=C30-4572&source_id=aff&affiliateid=2026097209,1,1,0,0,1,0,1,0,Fruit Baskets
The Sweet Splendor Bouquet,C4-4791,79.9500,"The Sweet Splendor Bouquet radiates cheer and well-wishes with every sun-filled bloom! Orange spray roses, yellow mini carnations, white traditional daisies and lush greens are brought together in a classic clear glass vase accented with a designer apricot plaid ribbon to create a bouquet set to brighten any day. ",10"w x 14"h,https://cdn.floristone.com/small/C4-4791_t1.jpg,https://cdn.floristone.com/large/C4-4791_d1.jpg,https://cdn.floristone.com/hi-res/C4-4791_h1.jpg,http://www.floristone.com/detail.cfm?dcode=C4-4791&source_id=aff&affiliateid=2026097209,http://www.floristone.com/cart.cfm?dcode=C4-4791&source_id=aff&affiliateid=2026097209,1,1,1,0,1,0,1,0,Vase Arrangements
The Uplifting Moments Basket,C4-5157,79.9500,"Arranged just for you to send to your recipient to boost their mood, celebrate a moment, or to simply say hello, this sunlit flower bouquet is an unforgettable gift. Carnations, button poms, and solidago shed light on any situation mingling with white Asiatic Lilies and lush greens arranged beautifully in a rectangular woodchip basket to give it a natural backdrop in which to truly shine. A wonderful thank you, get well, or thinking of you gift!",10"w x 9"h,https://cdn.floristone.com/small/C4-5157_t1.jpg,https://cdn.floristone.com/large/C4-5157_d1.jpg,https://cdn.floristone.com/hi-res/C4-5157_h1.jpg,http://www.floristone.com/detail.cfm?dcode=C4-5157&source_id=aff&affiliateid=2026097209,http://www.floristone.com/cart.cfm?dcode=C4-5157&source_id=aff&affiliateid=2026097209,0,1,1,0,1,1,1,0,Centerpieces
The Your Day Bouquet,C5-5158,79.9500,"Make today their special day, lit with sun-kissed blooms and happy surprises. White Asiatic Lilies stretch their clean star-shaped petals across a bed of yellow Peruvian Lilies, chrysanthemums, button poms, and solidago accented with lush greens presented in a clear glass bubble bowl vase to create a flower bouquet blooming with warm wishes at every turn. A memorable thank you, birthday, or get well gift!",10"w x 9"h,https://cdn.floristone.com/small/C5-5158_t1.jpg,https://cdn.floristone.com/large/C5-5158_d1.jpg,https://cdn.floristone.com/hi-res/C5-5158_h1.jpg,http://www.floristone.com/detail.cfm?dcode=C5-5158&source_id=aff&affiliateid=2026097209,http://www.floristone.com/cart.cfm?dcode=C5-5158&source_id=aff&affiliateid=2026097209,0,1,1,0,1,1,1,0,Centerpieces
The Light & Lovely Bouquet,C6-5035,79.9500,"All the frills and every color under the sun, this fresh flower arrangement is ready to brighten your recipient's day! Yellow daisies, orange Peruvian Lilies, lavender matsumoto asters, orange carnations, and red mini carnations are accented with bupleurum and lush greens to create a fascinating display. Presented in a clear glass vase tied with a lime green ribbon at the neck, this flower bouquet is set to send your warmest wishes in celebration of their birthday, to express your thanks and gratitude, or to tell your recipient to get well soon! ",10"w x 12"h,https://cdn.floristone.com/small/C6-5035_t1.jpg,https://cdn.floristone.com/large/C6-5035_d1.jpg,https://cdn.floristone.com/hi-res/C6-5035_h1.jpg,http://www.floristone.com/detail.cfm?dcode=C6-5035&source_id=aff&affiliateid=2026097209,http://www.floristone.com/cart.cfm?dcode=C6-5035&source_id=aff&affiliateid=2026097209,1,1,1,0,1,0,1,0,Vase Arrangements
The Daylight Bouquet,C6-5155,79.9500,"Let your recipient step into the sun with this unforgettable gift of flowers. Mini sunflowers catch they eye with their alluring brown centers and bold yellow petals surrounded by yellow roses, yellow button poms, yellow solidago, bupleurum, and lush greens gorgeously arranged in a green swirled glass vase to make this bouquet pop with it's vibrant colors. Full of energy and warmth, this flower arrangement is set to create that perfect thank you, birthday, or congratulations gift. ",12"w x 15"h,https://cdn.floristone.com/small/C6-5155_t1.jpg,https://cdn.floristone.com/large/C6-5155_d1.jpg,https://cdn.floristone.com/hi-res/C6-5155_h1.jpg,http://www.floristone.com/detail.cfm?dcode=C6-5155&source_id=aff&affiliateid=2026097209,http://www.floristone.com/cart.cfm?dcode=C6-5155&source_id=aff&affiliateid=2026097209,1,1,1,0,1,0,1,0,Vase Arrangements
The Bright & Beautiful Bouquet,C6-5242,79.9500,"Light, lovely, and set to surprise and delight your recipient with it's bright blooms, this flower bouquet speaks to the magic that each day holds. Brilliant yellow Asiatic Lilies are surrounded by hot pink roses, pink carnations, yellow solidago, and lush greens, beautifully arranged in a classic clear glass vase to create a gift that exudes warmth and happiness. A wonderful way to celebrate a birthday, or express your thank you, or congratulations wishes!",12"w x 15"h,https://cdn.floristone.com/small/C6-5242_t1.jpg,https://cdn.floristone.com/large/C6-5242_d1.jpg,https://cdn.floristone.com/hi-res/C6-5242_h1.jpg,http://www.floristone.com/detail.cfm?dcode=C6-5242&source_id=aff&affiliateid=2026097209,http://www.floristone.com/cart.cfm?dcode=C6-5242&source_id=aff&affiliateid=2026097209,1,1,1,0,1,0,1,0,Vase Arrangements
The Country Calling Bouquet,C7-5154,79.9500,"Speaking to rolling hills, blue skies, and time to breathe and relax, this sunlit bouquet is set to have your recipient finding joy in nature's beauty and light. Mini sunflowers, orange Asiatic Lilies, yellow mini carnations, green button poms, yellow solidago, and lush greens are arranged perfectly in a classic clear glass vase tied at the neck with a lime green satin ribbon. A simply gorgeous way to celebrate a birthday, say thank you, or send your warmest wishes for any of life's special moments!",12"w x 15"h,https://cdn.floristone.com/small/C7-5154_t1.jpg,https://cdn.floristone.com/large/C7-5154_d1.jpg,https://cdn.floristone.com/hi-res/C7-5154_h1.jpg,http://www.floristone.com/detail.cfm?dcode=C7-5154&source_id=aff&affiliateid=2026097209,http://www.floristone.com/cart.cfm?dcode=C7-5154&source_id=aff&affiliateid=2026097209,0,1,1,0,1,0,1,0,Vase Arrangements
The Color Rush Bouquet ,C8-5164,79.9500,"Dazzling and delightful, this bold and colorful flower bouquet is set to impress with it's high impact look and graceful styling. Orange roses, hot pink carnations, orange carnations, pale pink gilly flower, hot pink mini carnations, green button poms, and lush greens are beautifully arranged in a raspberry pink glass cubed vase to create a rush of fun and warm wishes to send straight to your recipient's door. Ready to celebrate a birthday, extend your congratulations wishes, or to simply say thank you! ",9"w x 9"h,https://cdn.floristone.com/small/C8-5164_t1.jpg,https://cdn.floristone.com/large/C8-5164_d1.jpg,https://cdn.floristone.com/hi-res/C8-5164_h1.jpg,http://www.floristone.com/detail.cfm?dcode=C8-5164&source_id=aff&affiliateid=2026097209,http://www.floristone.com/cart.cfm?dcode=C8-5164&source_id=aff&affiliateid=2026097209,0,1,1,1,1,0,1,0,Centerpieces
The Light of My Life Bouquet,C9-5162,84.9500,"They always brighten your day and now it's time to return the favor. Send light and love with this gorgeous flower arrangement, bringing together orange Asiatic Lilies, fuchsia carnations, and red Peruvian Lilies, beautifully accented with lavender button poms and lush greens in a classic clear glass vase. A warm and sunny way to express your appreciation for your recipient's place in your life, this flower bouquet is that perfect birthday, anniversary, or thank you gift! ",10"w x 12"h,https://cdn.floristone.com/small/C9-5162_t1.jpg,https://cdn.floristone.com/large/C9-5162_d1.jpg,https://cdn.floristone.com/hi-res/C9-5162_h1.jpg,http://www.floristone.com/detail.cfm?dcode=C9-5162&source_id=aff&affiliateid=2026097209,http://www.floristone.com/cart.cfm?dcode=C9-5162&source_id=aff&affiliateid=2026097209,1,1,1,0,1,0,1,0,Vase Arrangements
The Happiness Bouquet,C9-5165,79.9500,"Shine a light and send happy wishes to your recipient today, captured in each sunlit bloom of this simply beautiful flower bouquet. Bi-colored yellow and orange roses mingle with peach Asiatic Lilies, hot pink gerbera daisies, orange carnations, purple mini carnations, and lush greens arranged to perfection in a rectangular woodchip basket to create a truly cheerful moment. A great way to say happy birthday, get well, or thank you!",10"w x 9"h,https://cdn.floristone.com/small/C9-5165_t1.jpg,https://cdn.floristone.com/large/C9-5165_d1.jpg,https://cdn.floristone.com/hi-res/C9-5165_h1.jpg,http://www.floristone.com/detail.cfm?dcode=C9-5165&source_id=aff&affiliateid=2026097209,http://www.floristone.com/cart.cfm?dcode=C9-5165&source_id=aff&affiliateid=2026097209,0,1,1,0,1,0,1,0,Centerpieces
The Birthday Cheer Bouquet,D2-5189,79.9500,"Birthday blooms that are ready to get your recipient's special day started, this flower bouquet is bright, happy, and ready to celebrate! Hot pink roses and orange Asiatic Lilies are vibrant and fun surrounded by purple Peruvian Lilies, hot pink mini carnations, green button poms, purple statice, and an assortment of lush greens. Accented with assorted curling ribbons to give it that party feel and presented in a clear glass cubed vase lined with ti leaf green material for added beauty, this unforgettable birthday bouquet is that ultimate surprise that will make them feel the love on their big day",10"w x 10"h,https://cdn.floristone.com/small/D2-5189_t1.jpg,https://cdn.floristone.com/large/D2-5189_d1.jpg,https://cdn.floristone.com/hi-res/D2-5189_h1.jpg,http://www.floristone.com/detail.cfm?dcode=D2-5189&source_id=aff&affiliateid=2026097209,http://www.floristone.com/cart.cfm?dcode=D2-5189&source_id=aff&affiliateid=2026097209,1,1,1,1,1,0,1,0,Centerpieces
The Happy Times Bouquet,D3-4897,79.9500,"The Happy Times Bouquet employs roses and stock to bring vibrant color and fragrance straight to their door on their special day. Yellow roses, purple stock, green button poms, fuchsia mini carnations and lush greens create a stunning display beautifully arranged in a clear gathered square glass vase to help you convey your happy birthday wishes or send your congratulations. ",12"w x 14"h,https://cdn.floristone.com/small/D3-4897_t1.jpg,https://cdn.floristone.com/large/D3-4897_d1.jpg,https://cdn.floristone.com/hi-res/D3-4897_h1.jpg,http://www.floristone.com/detail.cfm?dcode=D3-4897&source_id=aff&affiliateid=2026097209,http://www.floristone.com/cart.cfm?dcode=D3-4897&source_id=aff&affiliateid=2026097209,1,1,1,0,1,0,1,0,Vase Arrangements
The Colors Abound Bouquet,D3-5200,79.9500,"Full of energy and light to help you celebrate with friends and family near and far, this stunning fresh flower arrangement is that perfect gift. Orange roses, yellow daisies, hot pink carnations, orange mini carnations, yellow solidago, and lush greens are arranged beautifully in an eye-catching orange glass vase. A fun way to surprise and delight your recipient in honor of a birthday, or to offer your congratulations wishes!",10"w x 13"h,https://cdn.floristone.com/small/D3-5200_t1.jpg,https://cdn.floristone.com/large/D3-5200_d1.jpg,https://cdn.floristone.com/hi-res/D3-5200_h1.jpg,http://www.floristone.com/detail.cfm?dcode=D3-5200&source_id=aff&affiliateid=2026097209,http://www.floristone.com/cart.cfm?dcode=D3-5200&source_id=aff&affiliateid=2026097209,0,1,1,0,1,0,1,0,Vase Arrangements
The Gratitude Grows Bouquet,D3-5204,79.9500,"Blooming with rich color and undeniable texture, this stunning bouquet expresses love and gratitude with each perfect flower. Blue Iris, fragrant purple gilly flower, purple Peruvian Lilies, purple bi-color carnations, green spider chrysanthemums, clusters of pink wax flower, and lush greens create a fascinating display presented in a deep purple glass vase with modern lines to create a sophisticated look. A wonderful thank you or thinking of you gift! ",15"w x 20"h,https://cdn.floristone.com/small/D3-5204_t1.jpg,https://cdn.floristone.com/large/D3-5204_d1.jpg,https://cdn.floristone.com/hi-res/D3-5204_h1.jpg,http://www.floristone.com/detail.cfm?dcode=D3-5204&source_id=aff&affiliateid=2026097209,http://www.floristone.com/cart.cfm?dcode=D3-5204&source_id=aff&affiliateid=2026097209,0,1,1,0,1,0,1,0,Vase Arrangements
The All For You Bouquet,D4-5199,79.9500,"Your recipient always takes care of everyone else - they are thoughtful, they are kind, and they are completely deserving of a special surprise consisting of bright, beautiful blooms. Sunlit yellow Asiatic Lilies, sunflowers, red carnations, red spray roses, yellow Peruvian Lilies, purple larkspur, and ivy vines are expertly arranged in a clear glass bubble bowl vase to express your appreciation in floral style. A wonderful birthday, thank you, or thinking of you gift! ",10"w x 11"h,https://cdn.floristone.com/small/D4-5199_t1.jpg,https://cdn.floristone.com/large/D4-5199_d1.jpg,https://cdn.floristone.com/hi-res/D4-5199_h1.jpg,http://www.floristone.com/detail.cfm?dcode=D4-5199&source_id=aff&affiliateid=2026097209,http://www.floristone.com/cart.cfm?dcode=D4-5199&source_id=aff&affiliateid=2026097209,0,1,1,0,1,0,1,0,Centerpieces
The Happy Blooms Basket,D5-4894,79.9500,"The Happy Blooms Basket brings together Asiatic lilies and carnations to create the perfect way to send your happy birthday wishes! Orange Asiatic lilies, lavender chrysanthemums, lavender carnations, purple monte casino asters, green button poms and lush greens are beautifully arranged within a rectangular whitewash willow handled basket accented with colorful curling ribbon. Arriving with a bright Mylar balloon exclaiming, Happy Birthday, this flower arrangement will add to the celebration of their special day. ",12"w x 11"h,https://cdn.floristone.com/small/D5-4894_t1.jpg,https://cdn.floristone.com/large/D5-4894_d1.jpg,https://cdn.floristone.com/hi-res/D5-4894_h1.jpg,http://www.floristone.com/detail.cfm?dcode=D5-4894&source_id=aff&affiliateid=2026097209,http://www.floristone.com/cart.cfm?dcode=D5-4894&source_id=aff&affiliateid=2026097209,0,1,0,0,0,0,0,0,One Sided Arrangements
The Bright Days Ahead Bouquet,D5-5202,79.9500,"Celebrating life with colorful blooms that inspire and delight, this flower bouquet is ready to create a happy moment for your recipient that they will never forget. Orange roses, hot pink gerbera daisies, yellow gerbera daisies, hot pink carnations, green button poms, bupleurum, and lush greens mingle together to create a sunlit display while seated in a classic clear glass vase tied at the neck with a yellow satin ribbon for a sweet affect. A perfect get well, happy birthday, or congratulations gift! ",11"w x 14"h,https://cdn.floristone.com/small/D5-5202_t1.jpg,https://cdn.floristone.com/large/D5-5202_d1.jpg,https://cdn.floristone.com/hi-res/D5-5202_h1.jpg,http://www.floristone.com/detail.cfm?dcode=D5-5202&source_id=aff&affiliateid=2026097209,http://www.floristone.com/cart.cfm?dcode=D5-5202&source_id=aff&affiliateid=2026097209,1,1,1,0,1,0,1,0,Vase Arrangements
The Oh Boy! New Baby Bouquet,D6-5207,79.9500,"There is nothing in the world as magical and precious as the birth of a new baby! Celebrate the new little one with this inspiring sunlit flower bouquet, bringing together a collection of yellow blooms, including roses, gerbera daisies, Peruvian Lilies, double lisianthus, button poms, and solidago. Accented with lush greens and arranged perfectly in a modern blue glass cubed vase, this flower bouquet is ready to welcome the brand new baby boy into the world, sending your warmest wishes to the new family with this truly thoughtful gift. ",12"w x 12"h,https://cdn.floristone.com/small/D6-5207_t1.jpg,https://cdn.floristone.com/large/D6-5207_d1.jpg,https://cdn.floristone.com/hi-res/D6-5207_h1.jpg,http://www.floristone.com/detail.cfm?dcode=D6-5207&source_id=aff&affiliateid=2026097209,http://www.floristone.com/cart.cfm?dcode=D6-5207&source_id=aff&affiliateid=2026097209,0,0,0,0,0,1,0,0,Centerpieces
The Perfect Princess New Baby Bouquet,D6-5208,79.9500,"There is nothing in the world as magical and precious as the birth of a new baby! Celebrate the new little one with this beautifully blushing flower bouquet, bringing together pale pink gerbera daisies, lavender roses, pale pink double lisianthus, green Peruvian Lilies, clusters of pink waxflower, and burgundy button poms. Accented with lush greens and arranged perfectly in a modern raspberry glass cubed vase, this flower bouquet is ready to welcome the brand new baby girl into the world, sending your sweetest wishes to the new family with this truly thoughtful gift.",9"w x 9"h,https://cdn.floristone.com/small/D6-5208_t1.jpg,https://cdn.floristone.com/large/D6-5208_d1.jpg,https://cdn.floristone.com/hi-res/D6-5208_h1.jpg,http://www.floristone.com/detail.cfm?dcode=D6-5208&source_id=aff&affiliateid=2026097209,http://www.floristone.com/cart.cfm?dcode=D6-5208&source_id=aff&affiliateid=2026097209,0,0,0,0,0,1,0,0,Centerpieces
The Little Miss Pink Bouquet,D6-5209,79.9500,"Is there anything sweeter than a new baby girl, opening her eyes to the world and all it has to offer? Celebrate with mom and dad and congratulate them on their little one with a flower bouquet that blooms with warm wishes, bringing together lavender roses, pale pink carnations, burgundy button poms, lavender daisies, pale pink Asiatic Lilies, clusters of pink waxflower, and lush greens. Presented in an oval woodchip basket and accented with a lavender satin ribbon, this flower arrangement is that perfect way to share in this special moment with the whole family. ",11"w x 9"h,https://cdn.floristone.com/small/D6-5209_t1.jpg,https://cdn.floristone.com/large/D6-5209_d1.jpg,https://cdn.floristone.com/hi-res/D6-5209_h1.jpg,http://www.floristone.com/detail.cfm?dcode=D6-5209&source_id=aff&affiliateid=2026097209,http://www.floristone.com/cart.cfm?dcode=D6-5209&source_id=aff&affiliateid=2026097209,0,0,0,0,0,1,0,0,Centerpieces
The Little Boy Blue Bouquet,D6-5210,79.9500,"A brand new baby boy is ready to explore all that life has to offer and it is time to celebrate his adventure with mom and dad, sending a fresh flower arrangement to extend your congratulations wishes to the whole family. Yellow roses, Asiatic Lilies, daisies, carnations, and solidago are accented with bright pops of blue iris, lush greens, and a blue satin ribbon in an oval woodchip basket to create a warm and sunny display. That perfect way to share in this special moment with your favorite friends and family!",10"w x 10"h,https://cdn.floristone.com/small/D6-5210_t1.jpg,https://cdn.floristone.com/large/D6-5210_d1.jpg,https://cdn.floristone.com/hi-res/D6-5210_h1.jpg,http://www.floristone.com/detail.cfm?dcode=D6-5210&source_id=aff&affiliateid=2026097209,http://www.floristone.com/cart.cfm?dcode=D6-5210&source_id=aff&affiliateid=2026097209,0,0,0,0,0,1,0,0,Centerpieces
Boys Are Best! Bouquet,D7-4903,99.9500,"The Boys Are Best! Bouquet is blooming with sweet love to congratulate the new family on their darling baby boy! Lavender roses, blue iris, lavender carnations, lavender daisies, white Asiatic lilies and lush greens are beautifully arranged in a round whitewash woodchip basket. Presented with a Mylar balloon declaring, It's a Boy! this incredible flower arrangement is the perfect welcome for their new addition.  ",11"w x14"h,https://cdn.floristone.com/small/D7-4903_t1.jpg,https://cdn.floristone.com/large/D7-4903_d1.jpg,https://cdn.floristone.com/hi-res/D7-4903_h1.jpg,http://www.floristone.com/detail.cfm?dcode=D7-4903&source_id=aff&affiliateid=2026097209,http://www.floristone.com/cart.cfm?dcode=D7-4903&source_id=aff&affiliateid=2026097209,0,0,0,0,0,1,0,0,Balloons
Girls Are Great!,D7-4904,99.9500,"The Girls Are Great! Bouquet is blooming with sweet love to congratulate the new family on their darling baby girl! White roses, white Peruvian lilies, pink carnations, pink matsumoto asters, pink Asiatic lilies and lush greens are beautifully arranged in a round whitewash woodchip basket. Presented with a Mylar balloon declaring, It's a Girl! this incredible flower arrangement is the perfect welcome for their new addition. ",11"w x11"h,https://cdn.floristone.com/small/D7-4904_t1.jpg,https://cdn.floristone.com/large/D7-4904_d1.jpg,https://cdn.floristone.com/hi-res/D7-4904_h1.jpg,http://www.floristone.com/detail.cfm?dcode=D7-4904&source_id=aff&affiliateid=2026097209,http://www.floristone.com/cart.cfm?dcode=D7-4904&source_id=aff&affiliateid=2026097209,0,0,0,0,0,1,0,0,Balloons
The Boy-Oh-Boy Bouquet,D7-4905,79.9500,"The Boy-Oh-Boy Bouquet employs roses and Asiatic lilies to send your bright and sunny congratulations on the birth of their new baby boy! Yellow roses and carnations are brought together with pale green mini carnations, white Asiatic lilies, yellow solidago and lush greens exquisitely arranged in a clear glass gathered square vase. Accented with blue and lavender wired ribbon, this bouquet creates a wonderful way to send your warmest wishes for the adventure of parenthood ahead. ",11"w x 14"h,https://cdn.floristone.com/small/D7-4905_t1.jpg,https://cdn.floristone.com/large/D7-4905_d1.jpg,https://cdn.floristone.com/hi-res/D7-4905_h1.jpg,http://www.floristone.com/detail.cfm?dcode=D7-4905&source_id=aff&affiliateid=2026097209,http://www.floristone.com/cart.cfm?dcode=D7-4905&source_id=aff&affiliateid=2026097209,0,0,0,0,0,1,0,0,Vase Arrangements
The Girl Power Bouquet,D7-4906,79.9500,"The Girl Power Bouquet brings together roses and Asiatic lilies to send your sweetest sentiments and offer your congratulations on the birth of their new baby girl! Pink roses, pink Asiatic lilies, pale peach carnations, pale green mini carnations and lush greens are exquisitely arranged in a clear glass gathered square vase. Accented with a pink satin ribbon, this flower bouquet creates a wonderful way to send your warmest wishes for the adventure of parenthood ahead. ",10"w x 14"h,https://cdn.floristone.com/small/D7-4906_t1.jpg,https://cdn.floristone.com/large/D7-4906_d1.jpg,https://cdn.floristone.com/hi-res/D7-4906_h1.jpg,http://www.floristone.com/detail.cfm?dcode=D7-4906&source_id=aff&affiliateid=2026097209,http://www.floristone.com/cart.cfm?dcode=D7-4906&source_id=aff&affiliateid=2026097209,0,0,0,0,0,1,0,0,Vase Arrangements
Sunshine Daydream Bouquet,D9-4910,79.9500,"The Sunshine Daydream Bouquet highlights stunning sunflowers to capture their every attention with its bright beauty. Gorgeous sunflowers are accented with solidago, lily grass blades and lush greens to create a memorable flower bouquet. Presented in a clear glass, this arrangement sends your warmest wishes and highest hopes for the days ahead. ",10"w x 14"h,https://cdn.floristone.com/small/D9-4910_t1.jpg,https://cdn.floristone.com/large/D9-4910_d1.jpg,https://cdn.floristone.com/hi-res/D9-4910_h1.jpg,http://www.floristone.com/detail.cfm?dcode=D9-4910&source_id=aff&affiliateid=2026097209,http://www.floristone.com/cart.cfm?dcode=D9-4910&source_id=aff&affiliateid=2026097209,1,1,0,0,1,0,1,0,Vase Arrangements
The "Well Done" Bouquet,D9-4911,79.9500,"The Well Done Bouquet brings together bright roses and sunny Asiatic lilies to congratulate your special recipient on a job well done! Pink roses, green Fuji chrysanthemums, pink Peruvian lilies, yellow Asiatic lilies and lush greens create a colorful, celebratory flower bouquet arranged within a clear glass cubed vase to add to the festivities of their happy day. ",11"w x 9"h,https://cdn.floristone.com/small/D9-4911_t1.jpg,https://cdn.floristone.com/large/D9-4911_d1.jpg,https://cdn.floristone.com/hi-res/D9-4911_h1.jpg,http://www.floristone.com/detail.cfm?dcode=D9-4911&source_id=aff&affiliateid=2026097209,http://www.floristone.com/cart.cfm?dcode=D9-4911&source_id=aff&affiliateid=2026097209,1,1,1,0,1,0,1,0,Vase Arrangements
The Starshine Bouquet,D9-5211,79.9500,"It's time to celebrate! New job, new home, a birthday, a new love? This fresh flower arrangement has you covered. Hot pink bi-colored roses, orange Asiatic Lilies, green Fuji Chrysanthemums, hot pink mini carnations, tropical leaves, and lush greens are brought together to impress, presented in a clear glass vase. Bright, beautiful, and ready to get the party started, this bouquet creates a unique surprise to absolutely delight your recipient with each sunlit bloom. ",11"w x 16"h,https://cdn.floristone.com/small/D9-5211_t1.jpg,https://cdn.floristone.com/large/D9-5211_d1.jpg,https://cdn.floristone.com/hi-res/D9-5211_h1.jpg,http://www.floristone.com/detail.cfm?dcode=D9-5211&source_id=aff&affiliateid=2026097209,http://www.floristone.com/cart.cfm?dcode=D9-5211&source_id=aff&affiliateid=2026097209,1,1,1,0,1,1,1,0,Centerpieces
The New Dream Basket,D9-5212,79.9500,"With life's many twists and turns, there is always a new dream ready to take hold around the corner! In celebration of any of life's special moments, this lush and lovely fresh flower arrangement sends your warmest wishes in style. Orange roses, purple carnations, orange Peruvian Lilies, purple button poms, bupleurum, and lush greens are accented with a lavender gingham ribbon and presented in a rectangular woodchip basket to create a special surprise for your recipient. A wonderful way to say happy birthday, congratulations, or best wishes! ",13"w x 11"h,https://cdn.floristone.com/small/D9-5212_t1.jpg,https://cdn.floristone.com/large/D9-5212_d1.jpg,https://cdn.floristone.com/hi-res/D9-5212_h1.jpg,http://www.floristone.com/detail.cfm?dcode=D9-5212&source_id=aff&affiliateid=2026097209,http://www.floristone.com/cart.cfm?dcode=D9-5212&source_id=aff&affiliateid=2026097209,1,1,1,0,1,0,1,0,Centerpieces
The Red Rose Bouquet,E2-4305,89.9500,"Nothing speaks of love so much as a bouquet of beautiful red roses. Arranged with seeded eucalyptus in a classic glass vase, this bouquet is a gift to her heart from yours.",12"w x 18"h,https://cdn.floristone.com/small/E2-4305_t1.jpg,https://cdn.floristone.com/large/E2-4305_d1.jpg,https://cdn.floristone.com/hi-res/E2-4305_h1.jpg,http://www.floristone.com/detail.cfm?dcode=E2-4305&source_id=aff&affiliateid=2026097209,http://www.floristone.com/cart.cfm?dcode=E2-4305&source_id=aff&affiliateid=2026097209,1,1,1,1,0,0,0,0,Roses
The Lavender Rose Bouquet,E3-4811,89.9500,"An enchanting bouquet of lavender roses sweetly touches her heart. Paired with seeded eucalyptus in a stylish glass vase, these lovely roses are a perfect gift.",14"w x 18"h,https://cdn.floristone.com/small/E3-4811_t1.jpg,https://cdn.floristone.com/large/E3-4811_d1.jpg,https://cdn.floristone.com/hi-res/E3-4811_h1.jpg,http://www.floristone.com/detail.cfm?dcode=E3-4811&source_id=aff&affiliateid=2026097209,http://www.floristone.com/cart.cfm?dcode=E3-4811&source_id=aff&affiliateid=2026097209,1,1,1,1,0,0,0,0,Roses
The Pure Romance Rose Bouquet,E3-5238,79.9500,"Utterly romantic and blossoming with your love through every blushing bloom, this gorgeous rose bouquet is out to convey your heart's every wish. Hot pink, red, and lavender roses mingle with fragrant fuchsia gilly flowers, beautifully accented with lush greens while seated in a vibrant pink glass vase. The perfect anniversary, I love you, or Valentine's Day gift! ",11"w x 14"h,https://cdn.floristone.com/small/E3-5238_t1.jpg,https://cdn.floristone.com/large/E3-5238_d1.jpg,https://cdn.floristone.com/hi-res/E3-5238_h1.jpg,http://www.floristone.com/detail.cfm?dcode=E3-5238&source_id=aff&affiliateid=2026097209,http://www.floristone.com/cart.cfm?dcode=E3-5238&source_id=aff&affiliateid=2026097209,0,1,1,1,0,0,0,0,Vase Arrangements
The Bright Spark Rose Bouquet,E4-4809,89.9500,"This spirited bouquet holds roses in bold hues - hot pink, orange, red and bright yellow. Certain to be an attention-getter! These vivacious roses are arranged with seeded eucalyptus in a clear glass vase.",14"w x 19"h,https://cdn.floristone.com/small/E4-4809_t1.jpg,https://cdn.floristone.com/large/E4-4809_d1.jpg,https://cdn.floristone.com/hi-res/E4-4809_h1.jpg,http://www.floristone.com/detail.cfm?dcode=E4-4809&source_id=aff&affiliateid=2026097209,http://www.floristone.com/cart.cfm?dcode=E4-4809&source_id=aff&affiliateid=2026097209,1,1,1,1,1,0,0,0,Roses
The Blooming Masterpiece Rose Bouquet,E4-4819,89.9500,"The Blooming Masterpiece Rose Bouquet is a classic expression of love and sweet affection! A dozen red roses arrive accented with lush greens, all beautifully arranged in a clear glass vase. Approximately 17H x 14W. ",14"w x 17"h,https://cdn.floristone.com/small/E4-4819_t1.jpg,https://cdn.floristone.com/large/E4-4819_d1.jpg,https://cdn.floristone.com/hi-res/E4-4819_h1.jpg,http://www.floristone.com/detail.cfm?dcode=E4-4819&source_id=aff&affiliateid=2026097209,http://www.floristone.com/cart.cfm?dcode=E4-4819&source_id=aff&affiliateid=2026097209,1,1,1,1,1,0,0,0,Roses
The Enchanting Rose Bouquet,E4-4820,89.9500,"The Enchanting Rose Bouquet is a classic expression of love and sweet affection! A dozen mixed roses arrive accented with lush greens, all beautifully arranged in a clear glass vase. Approximately 17H x 13W. ",13"w x 17"h,https://cdn.floristone.com/small/E4-4820_t1.jpg,https://cdn.floristone.com/large/E4-4820_d1.jpg,https://cdn.floristone.com/hi-res/E4-4820_h1.jpg,http://www.floristone.com/detail.cfm?dcode=E4-4820&source_id=aff&affiliateid=2026097209,http://www.floristone.com/cart.cfm?dcode=E4-4820&source_id=aff&affiliateid=2026097209,1,1,1,1,1,0,1,0,Roses
The Simply Enchanting Rose Bouquet,E4-4822,79.9500,The Simply Enchanting Rose Bouquet brings together lush red roses to make a lasting impression. Gorgeous red roses are simply accented with a variety of fresh greens and perfectly situated in a classic clear glass vase to create a flower bouquet that conveys your hearts deepest desires for love and romance. Arrangement includes 6 stems. Approx. 15H x 12W. ,12"w x 15"h,https://cdn.floristone.com/small/E4-4822_t1.jpg,https://cdn.floristone.com/large/E4-4822_d1.jpg,https://cdn.floristone.com/hi-res/E4-4822_h1.jpg,http://www.floristone.com/detail.cfm?dcode=E4-4822&source_id=aff&affiliateid=2026097209,http://www.floristone.com/cart.cfm?dcode=E4-4822&source_id=aff&affiliateid=2026097209,1,1,1,1,0,0,0,0,Roses
The Pure Enchantment Rose Bouquet,E6-4821,99.9500,"The Pure Enchantment Rose Bouquet blossoms with brilliant roses in bright hues to capture your special recipient's every attention. Hot pink, lavender and orange roses create a splash of color accented with lush bupleurum to make an exceptional flower bouquet. Presented in a modern clear glass vase, this rose bouquet is set to send your warmest wishes for their birthday, as a thank you gift or to celebrate any of life's special moments. ",12"w x 18"h,https://cdn.floristone.com/small/E6-4821_t1.jpg,https://cdn.floristone.com/large/E6-4821_d1.jpg,https://cdn.floristone.com/hi-res/E6-4821_h1.jpg,http://www.floristone.com/detail.cfm?dcode=E6-4821&source_id=aff&affiliateid=2026097209,http://www.floristone.com/cart.cfm?dcode=E6-4821&source_id=aff&affiliateid=2026097209,1,1,1,1,0,0,0,0,Roses
The Yellow Rose Bouquet,E7-4808,89.9500,"Sunny yellow roses are a cheery and wonderful gift. Celebrate a birthday, anniversary, graduation or any occasion with this lively bouquet arranged with seeded eucalyptus in a clear glass vase.",15"w x 19"h,https://cdn.floristone.com/small/E7-4808_t1.jpg,https://cdn.floristone.com/large/E7-4808_d1.jpg,https://cdn.floristone.com/hi-res/E7-4808_h1.jpg,http://www.floristone.com/detail.cfm?dcode=E7-4808&source_id=aff&affiliateid=2026097209,http://www.floristone.com/cart.cfm?dcode=E7-4808&source_id=aff&affiliateid=2026097209,1,1,1,1,1,0,1,0,Roses
The Pink Rose Bouquet,E8-4304,89.9500,"Picture-perfect soft pink roses make a beautiful gift for the lovely lady in your life. Wife, mother, daughter or sweetheart, she's sure to cherish this bouquet of pastel pink roses accented with seeded eucalyptus and arranged in a clear glass vase. ",12"w x 18"h,https://cdn.floristone.com/small/E8-4304_t1.jpg,https://cdn.floristone.com/large/E8-4304_d1.jpg,https://cdn.floristone.com/hi-res/E8-4304_h1.jpg,http://www.floristone.com/detail.cfm?dcode=E8-4304&source_id=aff&affiliateid=2026097209,http://www.floristone.com/cart.cfm?dcode=E8-4304&source_id=aff&affiliateid=2026097209,1,1,1,1,0,1,0,0,Roses
The Graceful Grandeur Rose Bouquet ,E8-4810,89.9500,"The Graceful Grandeur Rose Bouquet offers your special recipient a bright assortment of roses to bring them joy with its exquisite beauty. Cream, orange, hot pink, coral and light pink roses are accented with lush greens and gorgeously arranged within a clear glass vase to create a lovely way to send your love, say thank you or even to extend your happy birthday wishes. ",14"w x 19"h,https://cdn.floristone.com/small/E8-4810_t1.jpg,https://cdn.floristone.com/large/E8-4810_d1.jpg,https://cdn.floristone.com/hi-res/E8-4810_h1.jpg,http://www.floristone.com/detail.cfm?dcode=E8-4810&source_id=aff&affiliateid=2026097209,http://www.floristone.com/cart.cfm?dcode=E8-4810&source_id=aff&affiliateid=2026097209,1,1,1,0,1,0,0,0,Roses
The White Rose Bouquet,E8-4812,89.9500,"The beauty of white roses is unchallenged. Representing innocence, their versatility makes them a favorite gift to offer congratulations for graduation, engagements, bridal showers, new baby, or even a gift of sympathy.",15"w x 19"h,https://cdn.floristone.com/small/E8-4812_t1.jpg,https://cdn.floristone.com/large/E8-4812_d1.jpg,https://cdn.floristone.com/hi-res/E8-4812_h1.jpg,http://www.floristone.com/detail.cfm?dcode=E8-4812&source_id=aff&affiliateid=2026097209,http://www.floristone.com/cart.cfm?dcode=E8-4812&source_id=aff&affiliateid=2026097209,1,1,1,0,0,1,0,0,Roses
The Soft Serenade Rose Bouquet,E8-4816,99.9500,"The Soft Serenade Rose Bouquet is a sunny and charming flower arrangement set to spread your warmest wishes. Pink roses, yellow spray roses, white hypericum berries, white limonium and lush greens are perfectly arranged within a clear glass bubble bowl vase to create a wonderful way to say thank you, get well or to extend your congratulations. ",12"w x 12"h,https://cdn.floristone.com/small/E8-4816_t1.jpg,https://cdn.floristone.com/large/E8-4816_d1.jpg,https://cdn.floristone.com/hi-res/E8-4816_h1.jpg,http://www.floristone.com/detail.cfm?dcode=E8-4816&source_id=aff&affiliateid=2026097209,http://www.floristone.com/cart.cfm?dcode=E8-4816&source_id=aff&affiliateid=2026097209,1,1,1,0,1,1,0,0,Roses
Sundance Rose Bouquet,E9-4817,104.9500,"The Rose Bouquet employs a soft assortment of roses to create a sweet and stunning arrangement. Cream, white, orange and pink roses are simply brought together in a clear glass bubble bowl vase to make an exquisite flower bouquet set to warm their heart when extending your warmest wishes for their birthday or just to say thinking of you.",12"w x 10"h,https://cdn.floristone.com/small/E9-4817_t1.jpg,https://cdn.floristone.com/large/E9-4817_d1.jpg,https://cdn.floristone.com/hi-res/E9-4817_h1.jpg,http://www.floristone.com/detail.cfm?dcode=E9-4817&source_id=aff&affiliateid=2026097209,http://www.floristone.com/cart.cfm?dcode=E9-4817&source_id=aff&affiliateid=2026097209,1,1,1,0,0,1,0,0,Roses
Fifteen peach roses,F1-110,99.9500,Fifteen long stemmed peach roses with ferns arranged in a glass vase.,25"h x 20"w,https://cdn.floristone.com/small/F1-110_t1.jpg,https://cdn.floristone.com/large/F1-110_d1.jpg,,http://www.floristone.com/detail.cfm?dcode=F1-110&source_id=aff&affiliateid=2026097209,http://www.floristone.com/cart.cfm?dcode=F1-110&source_id=aff&affiliateid=2026097209,1,1,1,1,0,0,0,0,Roses
Baby Boy Balloon Bouquet,F1-116,69.9500,Festive balloon bouquet consisting of 6 latex balloons and 2 mylar Baby Boy balloons. Balloon types may vary.,,https://cdn.floristone.com/small/fam116_t1.jpg,https://cdn.floristone.com/large/fam116_d1.jpg,,http://www.floristone.com/detail.cfm?dcode=F1-116&source_id=aff&affiliateid=2026097209,http://www.floristone.com/cart.cfm?dcode=F1-116&source_id=aff&affiliateid=2026097209,0,0,0,0,0,1,0,0,Balloons
Baby Girl Balloon Bouquet,F1-117,69.9500,Festive balloon bouquet consisting of 6 latex balloons and 2 mylar Baby Girl balloons. Balloon types may vary.,,https://cdn.floristone.com/small/fam117_t1.jpg,https://cdn.floristone.com/large/fam117_d1.jpg,,http://www.floristone.com/detail.cfm?dcode=F1-117&source_id=aff&affiliateid=2026097209,http://www.floristone.com/cart.cfm?dcode=F1-117&source_id=aff&affiliateid=2026097209,0,0,0,0,0,1,0,0,Balloons
Get Well Balloon Bouquet,F1-118,69.9500,Balloon bouquet consisting of 6 latex balloons and 2 mylar Get Well balloons. Balloon types may vary.,,https://cdn.floristone.com/small/fam118_t1.jpg,https://cdn.floristone.com/large/fam118_d1.jpg,,http://www.floristone.com/detail.cfm?dcode=F1-118&source_id=aff&affiliateid=2026097209,http://www.floristone.com/cart.cfm?dcode=F1-118&source_id=aff&affiliateid=2026097209,0,0,0,0,1,0,0,0,Balloons
Happy Anniversary Balloon Bouquet,F1-119,69.9500,Festive balloon bouquet consisting of 6 latex balloons and 2 mylar Happy Anniversary balloons. Balloon types may vary.,,https://cdn.floristone.com/small/fam119_t1.jpg,https://cdn.floristone.com/large/fam119_d1.jpg,,http://www.floristone.com/detail.cfm?dcode=F1-119&source_id=aff&affiliateid=2026097209,http://www.floristone.com/cart.cfm?dcode=F1-119&source_id=aff&affiliateid=2026097209,0,0,1,0,0,0,0,0,Balloons
Happy Birthday Balloon Bouquet,F1-120,69.9500,Festive balloon bouquet consisting of 6 latex balloons and 2 mylar Happy Birthday balloons. Balloon types may vary.,,https://cdn.floristone.com/small/fam120_t1.jpg,https://cdn.floristone.com/large/fam120_d1.jpg,,http://www.floristone.com/detail.cfm?dcode=F1-120&source_id=aff&affiliateid=2026097209,http://www.floristone.com/cart.cfm?dcode=F1-120&source_id=aff&affiliateid=2026097209,0,1,0,0,0,0,0,0,Balloons
I Love You Balloon Bouquet,F1-121,69.9500,Festive balloon bouquet consisting of 6 latex balloons and 2 mylar I Love You balloons. Balloon types may vary.,,https://cdn.floristone.com/small/fam121_t1.jpg,https://cdn.floristone.com/large/fam121_d1.jpg,,http://www.floristone.com/detail.cfm?dcode=F1-121&source_id=aff&affiliateid=2026097209,http://www.floristone.com/cart.cfm?dcode=F1-121&source_id=aff&affiliateid=2026097209,0,1,1,1,0,0,0,0,Balloons
Precious Pink Roses,F1-122,89.9500,Offer your eternal love and adoration with one dozen soft pink roses arranged with baby’s breath and lush greens in a clear glass vase., 20" W x 25" H,https://cdn.floristone.com/small/F1-122_t1.jpg,https://cdn.floristone.com/large/F1-122_d1.jpg,,http://www.floristone.com/detail.cfm?dcode=F1-122&source_id=aff&affiliateid=2026097209,http://www.floristone.com/cart.cfm?dcode=F1-122&source_id=aff&affiliateid=2026097209,1,1,1,1,1,1,0,1,Roses
Sympathy Spray,F1-2060,159.9500,"A standing spray of lilies, gladiolus, roses and more. Shown in shades of pink and white. Appropriate for funeral home.",42"h x 30"w,https://cdn.floristone.com/small/F1-2060_t1.jpg,https://cdn.floristone.com/large/F1-2060_d1.jpg,,http://www.floristone.com/detail.cfm?dcode=F1-2060&source_id=aff&affiliateid=2026097209,http://www.floristone.com/cart.cfm?dcode=F1-2060&source_id=aff&affiliateid=2026097209,0,0,0,0,0,0,0,1,Funeral - Sprays
Life Celebration Basket,F1-2111,94.9500,"Celebrate a life well lived and honor their passing with this serene basket arrangement of purple hydrangea, lavender and white roses and baby’s breath.",12" h x 16 " w,https://cdn.floristone.com/small/F1-2111_t1.jpg,https://cdn.floristone.com/large/F1-2111_d1.jpg,,http://www.floristone.com/detail.cfm?dcode=F1-2111&source_id=aff&affiliateid=2026097209,http://www.floristone.com/cart.cfm?dcode=F1-2111&source_id=aff&affiliateid=2026097209,0,1,0,0,0,0,0,1,Funeral - Baskets
Carnation vase,F1-214,79.9500,"Fragrant blossoms of standard and spray carnations in a classic glass vase. Shown in pinks and burgundy, but color may vary.",18"h x 15"w,https://cdn.floristone.com/small/F1-214_t1.jpg,https://cdn.floristone.com/large/F1-214_d1.jpg,,http://www.floristone.com/detail.cfm?dcode=F1-214&source_id=aff&affiliateid=2026097209,http://www.floristone.com/cart.cfm?dcode=F1-214&source_id=aff&affiliateid=2026097209,1,1,1,0,1,0,1,0,Vase Arrangements
Treasured Memories Basket,F1-218,129.9500,"A rich, colorful basket to honor treasured memories and a cherished life. Purple stock, yellow asiatic liles, lavender daisies and carnations and hot pink miniature carnations and purple statice are set in a wicker basket to send a message of peace, comfort and remembrance.",28" h x 21" w,https://cdn.floristone.com/small/F1-218_t1.jpg,https://cdn.floristone.com/large/F1-218_d1.jpg,,http://www.floristone.com/detail.cfm?dcode=F1-218&source_id=aff&affiliateid=2026097209,http://www.floristone.com/cart.cfm?dcode=F1-218&source_id=aff&affiliateid=2026097209,0,0,0,0,0,0,0,1,Funeral - Baskets
The Bold and Beautiful Arrangement,F1-2228,79.9500,"Show the strength of your love and affection with this harmonious arrangement of deep red roses and gerbera daises contrasting yellow solidago and delicate, decorative greens. Appropriate for any occasion including Birthday, Anniversary and Love and Romance.",18”h x 14”w,https://cdn.floristone.com/small/F1-2228_t1.jpg,https://cdn.floristone.com/large/F1-2228_d1.jpg,,http://www.floristone.com/detail.cfm?dcode=F1-2228&source_id=aff&affiliateid=2026097209,http://www.floristone.com/cart.cfm?dcode=F1-2228&source_id=aff&affiliateid=2026097209,1,1,0,0,0,0,0,0,One Sided Arrangements
Serene Lily Basket,F1-228,104.9500,"Peaceful white lillies are set against vibrant greens to create a truly serene basket. Grace and dignity flow from this arrangement of white lillies, carnations, minature carnations and lush greens. An elegant choice for a funeral service or the the family's home.",25" h x 26" w,https://cdn.floristone.com/small/F1-228_t1.jpg,https://cdn.floristone.com/large/F1-228_d1.jpg,,http://www.floristone.com/detail.cfm?dcode=F1-228&source_id=aff&affiliateid=2026097209,http://www.floristone.com/cart.cfm?dcode=F1-228&source_id=aff&affiliateid=2026097209,0,0,0,0,0,0,0,1,Funeral - Baskets
Best Wishes Basket And Balloons,F1-229,99.9500,"Send your best wishes, warmest sentiment, and an abundance of hope with colorful balloons and a lively round basket arrangement of white gerbera daisies, pink carnations, hot pink spray roses, lavender daisy pompons, purple statice and baby’s breath. Appropriate for any occasion including Birthday, Get Well and New Baby.",13"h x 13"w,https://cdn.floristone.com/small/F1-229_t1.jpg,https://cdn.floristone.com/large/F1-229_d1.jpg,,http://www.floristone.com/detail.cfm?dcode=F1-229&source_id=aff&affiliateid=2026097209,http://www.floristone.com/cart.cfm?dcode=F1-229&source_id=aff&affiliateid=2026097209,1,1,0,0,1,1,0,0,Balloons
The Precious Medley Bouquet,F1-231,79.9500,"Tenderness, beauty and elegance is offered with this assortment of pink alstromeria and carnations, fuchsia stock, matsumoto asters, yellow solidago and baby’s breath arranged in a clear glass vase. Appropriate for any occasion including Birthday, Anniversary, Get Well.",20"h x 16"w,https://cdn.floristone.com/small/F1-231_t1.jpg,https://cdn.floristone.com/large/F1-231_d1.jpg,,http://www.floristone.com/detail.cfm?dcode=F1-231&source_id=aff&affiliateid=2026097209,http://www.floristone.com/cart.cfm?dcode=F1-231&source_id=aff&affiliateid=2026097209,1,1,1,0,1,0,0,0,Vase Arrangements
Mixed summery flowers,F1-239,79.9500,"A festive mix of flowers with delphinium, peach gerbera, carnations, daisy spray mums, solidaster and tree fern.",15"h x 12"w,https://cdn.floristone.com/small/F1-239_t1.jpg,https://cdn.floristone.com/large/F1-239_d1.jpg,,http://www.floristone.com/detail.cfm?dcode=F1-239&source_id=aff&affiliateid=2026097209,http://www.floristone.com/cart.cfm?dcode=F1-239&source_id=aff&affiliateid=2026097209,0,1,1,0,0,0,0,0,Vase Arrangements
Eighteen carnations in a clear vase,F1-246,79.9500,"Eighteen carnations accented with greens in clear glass. Shown in yellow, but color may vary.",26"h x 22"w,https://cdn.floristone.com/small/F1-246_t1.jpg,https://cdn.floristone.com/large/F1-246_d1.jpg,,http://www.floristone.com/detail.cfm?dcode=F1-246&source_id=aff&affiliateid=2026097209,http://www.floristone.com/cart.cfm?dcode=F1-246&source_id=aff&affiliateid=2026097209,1,1,1,0,1,0,1,0,Vase Arrangements
A basket arrangement for a baby boy,F1-252,79.9500,"A basket of blue delphinium, blue iris and gerbera.",20"h x 12"w,https://cdn.floristone.com/small/F1-252_t1.jpg,https://cdn.floristone.com/large/F1-252_d1.jpg,,http://www.floristone.com/detail.cfm?dcode=F1-252&source_id=aff&affiliateid=2026097209,http://www.floristone.com/cart.cfm?dcode=F1-252&source_id=aff&affiliateid=2026097209,0,0,0,0,0,1,0,0,One Sided Arrangements
A basket of Mixed Garden Flowers,F1-305,119.9500,"A lavish basket of colorful flowers with asters, asiatic lilies, roses, sunflowers, larkspur and mini carnations.",32"h x 30"w,https://cdn.floristone.com/small/F1-305_t1.jpg,https://cdn.floristone.com/large/F1-305_d1.jpg,,http://www.floristone.com/detail.cfm?dcode=F1-305&source_id=aff&affiliateid=2026097209,http://www.floristone.com/cart.cfm?dcode=F1-305&source_id=aff&affiliateid=2026097209,0,0,0,0,0,0,0,1,Funeral - Table Arrangements
Colorful Heart,F1-306,314.9500,A solid flower heart of mixed flowers displayed on an easel. Appropriate for funeral home.Approximate Size: 21h x 21w,21"h x 21"w,https://cdn.floristone.com/small/F1-306_t1.jpg,https://cdn.floristone.com/large/F1-306_d1.jpg,,http://www.floristone.com/detail.cfm?dcode=F1-306&source_id=aff&affiliateid=2026097209,http://www.floristone.com/cart.cfm?dcode=F1-306&source_id=aff&affiliateid=2026097209,0,0,0,0,0,0,0,1,Funeral - Hearts
Wreath of Mixed White Flowers,F1-309,264.9500,"A solid all white wreath of lilies, gerberas, roses, carnations, roses and gypsophila. Appropriate for funeral home.",24"d,https://cdn.floristone.com/small/F1-309_t1.jpg,https://cdn.floristone.com/large/F1-309_d1.jpg,,http://www.floristone.com/detail.cfm?dcode=F1-309&source_id=aff&affiliateid=2026097209,http://www.floristone.com/cart.cfm?dcode=F1-309&source_id=aff&affiliateid=2026097209,0,0,0,0,0,0,0,1,Funeral - Wreaths
Basket Arrangement of Mixed White Flowers,F1-311,134.9500,"A garden basket in all white of lilies, roses, gerbera and snapdragons.",36"h x 18"w,https://cdn.floristone.com/small/F1-311_t1.jpg,https://cdn.floristone.com/large/F1-311_d1.jpg,,http://www.floristone.com/detail.cfm?dcode=F1-311&source_id=aff&affiliateid=2026097209,http://www.floristone.com/cart.cfm?dcode=F1-311&source_id=aff&affiliateid=2026097209,0,0,0,0,0,0,0,1,Funeral - Table Arrangements
The Forever Sweet Bouquet,F1-313,89.9500,"Beauty, tenderness and grace flow from the soft pink of this one-sided arrangement. Pink snapdragons, pink Asiatic lilies, pink Gerbera daisies, pink stock and bright pink carnations are arranged with vibrant greens in a white bowl container to offer your eternal affection and adoration.",28"h x 20"w,https://cdn.floristone.com/small/F1-313_t1.jpg,https://cdn.floristone.com/large/F1-313_d1.jpg,,http://www.floristone.com/detail.cfm?dcode=F1-313&source_id=aff&affiliateid=2026097209,http://www.floristone.com/cart.cfm?dcode=F1-313&source_id=aff&affiliateid=2026097209,0,0,0,0,0,0,0,1,Funeral - Table Arrangements
Mixed Spray,F1-315,149.9500,"A tribute spray of pink carnations, yellow spray mums, lilies, and gypsophila. Appropriate for funeral home.",36"h x 24"w,https://cdn.floristone.com/small/F1-315_t1.jpg,https://cdn.floristone.com/large/F1-315_d1.jpg,,http://www.floristone.com/detail.cfm?dcode=F1-315&source_id=aff&affiliateid=2026097209,http://www.floristone.com/cart.cfm?dcode=F1-315&source_id=aff&affiliateid=2026097209,0,0,0,0,0,0,0,1,Funeral - Sprays
Mixed flowers in a handled basket,F1-318,89.9500,"An abundant mix of alstroemeria, carnations, stock and daisy spray mums made as a floor basket appropriate for funeral home. Made in a plastic hoop basket or paper mache",28"h x 22"w,https://cdn.floristone.com/small/F1-318_t1.jpg,https://cdn.floristone.com/large/F1-318_d1.jpg,,http://www.floristone.com/detail.cfm?dcode=F1-318&source_id=aff&affiliateid=2026097209,http://www.floristone.com/cart.cfm?dcode=F1-318&source_id=aff&affiliateid=2026097209,0,0,0,0,0,0,0,1,Funeral - Baskets
Chrysanthemum Arrangement,F1-319,94.9500,A vase of white standard chrysanthemums and foliage.,27"h x 22"w,https://cdn.floristone.com/small/F1-319_t1.jpg,https://cdn.floristone.com/large/F1-319_d1.jpg,,http://www.floristone.com/detail.cfm?dcode=F1-319&source_id=aff&affiliateid=2026097209,http://www.floristone.com/cart.cfm?dcode=F1-319&source_id=aff&affiliateid=2026097209,0,0,0,0,0,0,0,1,Funeral - Table Arrangements
Pink and Lavender Harmony,F1-322,94.9500,"All pink basket of snapdragons, carnations, stargazer lilies and babies breath",33"h x 32"w,https://cdn.floristone.com/small/F1-322_t1.jpg,https://cdn.floristone.com/large/F1-322_d1.jpg,,http://www.floristone.com/detail.cfm?dcode=F1-322&source_id=aff&affiliateid=2026097209,http://www.floristone.com/cart.cfm?dcode=F1-322&source_id=aff&affiliateid=2026097209,0,0,0,0,0,0,0,1,Funeral - Baskets
Pink and Lavender Basket,F1-330,134.9500,"A sympathy basket filled with pink flowers including roses, lilies, gladiolas, gerbera and carnations.",38"h x 34"w,https://cdn.floristone.com/small/F1-330_t1.jpg,https://cdn.floristone.com/large/F1-330_d1.jpg,,http://www.floristone.com/detail.cfm?dcode=F1-330&source_id=aff&affiliateid=2026097209,http://www.floristone.com/cart.cfm?dcode=F1-330&source_id=aff&affiliateid=2026097209,0,0,0,0,0,0,0,1,Funeral - Baskets
Loving Sentiment Bouquet,F1-332,84.9500,"A flower medley that could be lovingly picked by hand on a garden walk. Offer peace and comfort with this harmonious arrangement of purple larkspur, soft pink roses, Stargazer lilies, lavender spider mums, pink alstroemeria, pink carnations, Bells of Ireland and purple statice arranged in a one-sided lavender vase. Suitable for a funeral service or the family's home.",30"h x 20"w,https://cdn.floristone.com/small/F1-332_t1.jpg,https://cdn.floristone.com/large/F1-332_d1.jpg,,http://www.floristone.com/detail.cfm?dcode=F1-332&source_id=aff&affiliateid=2026097209,http://www.floristone.com/cart.cfm?dcode=F1-332&source_id=aff&affiliateid=2026097209,0,0,0,0,0,0,0,1,Funeral - Table Arrangements
Red Rose Wreath,F1-342,419.9500,A wreath of red roses displayed on an easel. Appropriate for funeral home.,22",https://cdn.floristone.com/small/F1-342_t1.jpg,https://cdn.floristone.com/large/F1-342_d1.jpg,,http://www.floristone.com/detail.cfm?dcode=F1-342&source_id=aff&affiliateid=2026097209,http://www.floristone.com/cart.cfm?dcode=F1-342&source_id=aff&affiliateid=2026097209,0,0,0,0,0,0,0,1,Funeral - Wreaths
Red and White Handled Basket,F1-343,84.9500,"A floor basket of red and white standard carnations, a very traditional floral tribute.",33"h x 26"w,https://cdn.floristone.com/small/F1-343_t1.jpg,https://cdn.floristone.com/large/F1-343_d1.jpg,,http://www.floristone.com/detail.cfm?dcode=F1-343&source_id=aff&affiliateid=2026097209,http://www.floristone.com/cart.cfm?dcode=F1-343&source_id=aff&affiliateid=2026097209,0,0,0,0,0,0,0,1,Funeral - Baskets
Splendid Memories Bouquet,F1-352,79.9500,"A vibrant one-sided arrangement of vivid color contrasts to celebrate a life well lived. Dark blue delphinium, bright red gerbera daisies, deep yellow alstroemeria and solidago in a brown basket richly honour their memory. Suitable for a funeral service or the family's home.",23"h x 22"w,https://cdn.floristone.com/small/F1-352_t1.jpg,https://cdn.floristone.com/large/F1-352_d1.jpg,,http://www.floristone.com/detail.cfm?dcode=F1-352&source_id=aff&affiliateid=2026097209,http://www.floristone.com/cart.cfm?dcode=F1-352&source_id=aff&affiliateid=2026097209,0,0,0,0,0,0,0,1,Funeral - Table Arrangements
Traditional Floor Basket,F1-354,79.9500,"A mache arrangement of traditional flowers including daisy spray mums, snapdragons and carnations.",32"h x 28"w,https://cdn.floristone.com/small/F1-354_t1.jpg,https://cdn.floristone.com/large/F1-354_d1.jpg,,http://www.floristone.com/detail.cfm?dcode=F1-354&source_id=aff&affiliateid=2026097209,http://www.floristone.com/cart.cfm?dcode=F1-354&source_id=aff&affiliateid=2026097209,0,0,0,0,0,0,0,1,Funeral - Baskets
Eternal Peace Basket,F1-355,79.9500,"Vibrant yellow gladiolas and gerbera daisies gently rise above soft white spider mums and alstroemeria to convey peace and serenity. This one-sided, sectional arrangement is an elegant choice for a funeral service or the the family's home.",32"h x 22"w,https://cdn.floristone.com/small/F1-355_t1.jpg,https://cdn.floristone.com/large/F1-355_d1.jpg,,http://www.floristone.com/detail.cfm?dcode=F1-355&source_id=aff&affiliateid=2026097209,http://www.floristone.com/cart.cfm?dcode=F1-355&source_id=aff&affiliateid=2026097209,0,0,0,0,0,0,0,1,Funeral - Table Arrangements
Pink and White Vase Arrangement,F1-359,104.9500,"Delicate pink vase of snapdragons, roses, stargazer lilies and alstroemeria elegantly combined in a clear glass vase.",30"h x 20"w,https://cdn.floristone.com/small/F1-359_t1.jpg,https://cdn.floristone.com/large/F1-359_d1.jpg,,http://www.floristone.com/detail.cfm?dcode=F1-359&source_id=aff&affiliateid=2026097209,http://www.floristone.com/cart.cfm?dcode=F1-359&source_id=aff&affiliateid=2026097209,0,0,0,0,0,0,0,1,Funeral - Table Arrangements
Radiant Foliage Planter,F1-407,89.9500,"Fresh cut pink Asiatic lilies brighten assorted foliage plants in a ceramic dishgarden to honor their life, send your deepest sympathy and hope for the days ahead. Style of container may vary depending on availability. Appropriate for the family's home or the funeral home.Variety of plants and container style will vary.",18"h x 16"w,https://cdn.floristone.com/small/F1-407_t1.jpg,https://cdn.floristone.com/large/F1-407_d1.jpg,,http://www.floristone.com/detail.cfm?dcode=F1-407&source_id=aff&affiliateid=2026097209,http://www.floristone.com/cart.cfm?dcode=F1-407&source_id=aff&affiliateid=2026097209,0,0,0,0,0,0,0,1,Plants
Enduring Spirit Pothos Basket,F1-509,79.9500,"Honor their memory for years to come with a 6” trailing Pothos in a wicker basket. The Pothos plant does not require much light and is easy to maintain, yet it is lush, vibrant, and grows fast, making it an ideal and lasting condolence sentiment. Appropriate for the family's home or the funeral home.",12”h x 10”w,https://cdn.floristone.com/small/F1-509_t1.jpg,https://cdn.floristone.com/large/F1-509_d1.jpg,,http://www.floristone.com/detail.cfm?dcode=F1-509&source_id=aff&affiliateid=2026097209,http://www.floristone.com/cart.cfm?dcode=F1-509&source_id=aff&affiliateid=2026097209,0,0,0,0,0,0,0,1,Plants
Three Dozen Red Roses,F1-600,259.9500,"Three dozen premium, long-stemmed red roses is more than a thoughtful gesture. This stunning bouquet creates a memory that lasts a lifetime! Leave them awestruck and ensure you are always remembered.",24” h x 24” w,https://cdn.floristone.com/small/F1-600_t1.jpg,https://cdn.floristone.com/large/F1-600_d1.jpg,,http://www.floristone.com/detail.cfm?dcode=F1-600&source_id=aff&affiliateid=2026097209,http://www.floristone.com/cart.cfm?dcode=F1-600&source_id=aff&affiliateid=2026097209,1,1,1,1,0,0,0,0,Roses
The Peace Lily,F1-CPP,94.9500,The Peace Lily is a popular arrangement to send a message of tranquility and serenity. White blossoms emerging from dark leaves set in a natural wicker basket convey lasting peace and elegance.,,https://cdn.floristone.com/small/F1-CPP_t1.jpg,https://cdn.floristone.com/large/F1-CPP_d1.jpg,,http://www.floristone.com/detail.cfm?dcode=F1-CPP&source_id=aff&affiliateid=2026097209,http://www.floristone.com/cart.cfm?dcode=F1-CPP&source_id=aff&affiliateid=2026097209,0,0,0,0,0,0,0,1,Plants
Red and White Floor Basket,FA302,89.9500,A floor basket of red carnations and white gladioli. Appropriate for funeral home.,36"h x 30"w,https://cdn.floristone.com/small/FA302_t1.jpg,https://cdn.floristone.com/large/FA302_d1.jpg,https://cdn.floristone.com/hi-res/FA302_h1.jpg,http://www.floristone.com/detail.cfm?dcode=FA302&source_id=aff&affiliateid=2026097209,http://www.floristone.com/cart.cfm?dcode=FA302&source_id=aff&affiliateid=2026097209,0,0,0,0,0,0,0,1,Funeral - Baskets
Encircling Grace,S11-4977,204.9500,"A ring of heavenly white blossoms makes a beautiful, serene and dignified setting for an urn containing the cremated remains of a loved one. The tabletop wreath is constructed by a local artisan florist of white cushion pompons atop a base of variegated greens with a flat bottom for stability when displayed. Its design allows for multiple options for display include enhancing a religious statue, personal memento, photograph or candleholder. Urn not included.",6"h x 18"w,https://cdn.floristone.com/small/S11-4977_t1.jpg,https://cdn.floristone.com/large/S11-4977_d1.jpg,https://cdn.floristone.com/hi-res/S11-4977_h1.jpg,http://www.floristone.com/detail.cfm?dcode=S11-4977&source_id=aff&affiliateid=2026097209,http://www.floristone.com/cart.cfm?dcode=S11-4977&source_id=aff&affiliateid=2026097209,0,0,0,0,0,0,0,1,Funeral
Floral Cross,S12-4464S,299.9500,"The Floral Cross is a symbol of love and faith to honor the deceased at the final farewell service. White carnations are arranged to form a cross in which an accent of red roses, spray roses, and lush greens are draped across the center, creating a beautiful display of serene elegance.",38"h x 24"w,https://cdn.floristone.com/small/S12-4464S_t1.jpg,https://cdn.floristone.com/large/S12-4464S_d1.jpg,,http://www.floristone.com/detail.cfm?dcode=S12-4464S&source_id=aff&affiliateid=2026097209,http://www.floristone.com/cart.cfm?dcode=S12-4464S&source_id=aff&affiliateid=2026097209,0,0,0,0,0,0,0,1,Funeral - Crosses
Forever in Our Hearts Casket Adornment,S17-4472,79.9500,"The Forever in Our Hearts Casket Adornment is a beautiful accent piece that adds that extra touch of elegance to their final farewell service. Red roses and mini carnations are eye-catching and bright arranged amongst white hydrangea, larkspur, snapdragons and Queen Anne's Lace. Tied together with a white grosgrain ribbon, this gorgeous bouquet is a lovely way to say goodbye to your beloved.",20"h x 10"w,https://cdn.floristone.com/small/S17-4472_t1.jpg,https://cdn.floristone.com/large/S17-4472_d1.jpg,https://cdn.floristone.com/hi-res/S17-4472_h1.jpg,http://www.floristone.com/detail.cfm?dcode=S17-4472&source_id=aff&affiliateid=2026097209,http://www.floristone.com/cart.cfm?dcode=S17-4472&source_id=aff&affiliateid=2026097209,0,0,0,0,0,0,0,1,Funeral - Inside Casket
Tears of Comfort Arrangement,S17-4473,194.9500,"The Tears of Comfort Arrangement is an elegant and sophisticated way to surround their urn with floral beauty at the final farewell service. Rich red roses and spray roses are vivid and bright arranged amongst white tulips, larkspur, hydrangea, and trachelium, accented with the bright greens of Bells of Ireland, hypericum berries, ivy and myrtle, creating a wonderful way to honor the life of the deceased. Urn not included.",21"h x 24"w,https://cdn.floristone.com/small/S17-4473_t1.jpg,https://cdn.floristone.com/large/S17-4473_d1.jpg,https://cdn.floristone.com/hi-res/S17-4473_h1.jpg,http://www.floristone.com/detail.cfm?dcode=S17-4473&source_id=aff&affiliateid=2026097209,http://www.floristone.com/cart.cfm?dcode=S17-4473&source_id=aff&affiliateid=2026097209,0,0,0,0,0,0,0,1,Funeral
Living Spirit Dishgarden,S25-4493,79.9500,"The Living Spirit Dishgarden is a wonderful display of our finest plants to honor the life of your loved one. Seated in a basket, this dishgarden conveys your most heartfelt sympathy while offering hope for brighter days ahead. Variety of plants and basket style will vary.",18"h x 13"w,https://cdn.floristone.com/small/S25-4493_t1.jpg,https://cdn.floristone.com/large/S25-4493_d1.jpg,https://cdn.floristone.com/hi-res/S25-4493_h1.jpg,http://www.floristone.com/detail.cfm?dcode=S25-4493&source_id=aff&affiliateid=2026097209,http://www.floristone.com/cart.cfm?dcode=S25-4493&source_id=aff&affiliateid=2026097209,0,0,0,0,0,0,0,1,Plants
At Peace Arrangement,S3-4984,149.9500,"This extraordinary mixed flower bouquet is an excellent choice for creating a beautiful, serene and reverential setting for an urn containing the cremated remains of the deceased. The asymmetrical arrangement is hand-arranged by a local artisan florist and includes Dendrobium orchids, roses,calla lilies, and lush, complementary greenery in a low silvery plastic rectangular container. Beautiful on its own or to enhance a display of a meaningful memento, photograph or candle. Urn not included.",20"h x 27"w,https://cdn.floristone.com/small/S3-4984_t1.jpg,https://cdn.floristone.com/large/S3-4984_d1.jpg,https://cdn.floristone.com/hi-res/S3-4984_h1.jpg,http://www.floristone.com/detail.cfm?dcode=S3-4984&source_id=aff&affiliateid=2026097209,http://www.floristone.com/cart.cfm?dcode=S3-4984&source_id=aff&affiliateid=2026097209,0,0,0,0,0,0,0,1,Funeral
Patriotic Tribute,S43-5025,104.9500,"Honor a loved one’s devotion to their country with a floral tribute proudly blooming in a flag-inspired red, white and blue. So appropriate for celebrating the life of a veteran, government worker or any American patriot, this graceful crescent of flowers includes red roses, white carnations and blue irises complemented by lush greens. It makes a touching setting for an urn or for displaying meaningful mementos such as service photographs or folded honor guard flags. Fitting for display at wakes, funeral or memorial services or at home during condolence calls. Urn and flag not included.",18"h x 17"w,https://cdn.floristone.com/small/S43-5025_t1.jpg,https://cdn.floristone.com/large/S43-5025_d1.jpg,https://cdn.floristone.com/hi-res/S43-5025_h1.jpg,http://www.floristone.com/detail.cfm?dcode=S43-5025&source_id=aff&affiliateid=2026097209,http://www.floristone.com/cart.cfm?dcode=S43-5025&source_id=aff&affiliateid=2026097209,0,0,0,0,0,0,0,1,Funeral
Deeply Adored,S5-4974,79.9500,"Express your never ending love for the dearly departed. This elegant floral “goodbye kiss” makes a lovely casket adornment for a wake, the funeral service and for graveside burial services. Heavenly white roses and carnations are beautifully hand-arranged by a local artisan florist in the shape of a heart and are trimmed with an elegant bow with trailing draped ribbon ends. It makes a touching way to comfort and console family and friends and makes a sweet and appropriate way for grieving children to share their sense of sadness and loss.This item is not suitable for a residence.",7"h x 7"w,https://cdn.floristone.com/small/S5-4974_t1.jpg,https://cdn.floristone.com/large/S5-4974_d1.jpg,https://cdn.floristone.com/hi-res/S5-4974_h1.jpg,http://www.floristone.com/detail.cfm?dcode=S5-4974&source_id=aff&affiliateid=2026097209,http://www.floristone.com/cart.cfm?dcode=S5-4974&source_id=aff&affiliateid=2026097209,0,0,0,0,0,0,0,1,Funeral - Inside Casket
Abundance Casket Spray,S5251s,314.9500,"Share serenity and peace with those who have recently lost a loved one with our Abundance Casket Spray. Composed of roses, snapdragons, lilies and hydrangea, this luminous collection of white and ivory hues comes together to create an elegant tribute.",13"h x 49"w,https://cdn.floristone.com/small/S5251s_t1.jpg,https://cdn.floristone.com/large/S5251s_d1.jpg,https://cdn.floristone.com/hi-res/S5251s_h1.jpg,http://www.floristone.com/detail.cfm?dcode=S5251s&source_id=aff&affiliateid=2026097209,http://www.floristone.com/cart.cfm?dcode=S5251s&source_id=aff&affiliateid=2026097209,0,0,0,0,0,0,0,1,Funeral - Casket Sprays
Faithful Wishes Wreath,S5252s,264.9500,"Your thoughtful messages are captured through a simple and elegant display of white flowers. Our Faithful Wishes Wreath combines classic white blooms in a timeless wreath to showcase your love, peace and respect.",26" diameter,https://cdn.floristone.com/small/S5252s_t1.jpg,https://cdn.floristone.com/large/S5252s_d1.jpg,https://cdn.floristone.com/hi-res/S5252s_h1.jpg,http://www.floristone.com/detail.cfm?dcode=S5252s&source_id=aff&affiliateid=2026097209,http://www.floristone.com/cart.cfm?dcode=S5252s&source_id=aff&affiliateid=2026097209,0,0,0,0,0,0,0,1,Funeral - Wreaths
Thoughts of Tranquility Floor Basket,S5253s,169.9500,"Comfort, beauty and grace come together in this stunning display of serene blooms. Our Thoughts of Tranquility Floor Basket is handcrafted by a local florist with ivory roses and white hydrangea, snapdragons and lilies to show how much you care.",30"h x 27"w,https://cdn.floristone.com/small/S5253s_t1.jpg,https://cdn.floristone.com/large/S5253s_d1.jpg,https://cdn.floristone.com/hi-res/S5253s_h1.jpg,http://www.floristone.com/detail.cfm?dcode=S5253s&source_id=aff&affiliateid=2026097209,http://www.floristone.com/cart.cfm?dcode=S5253s&source_id=aff&affiliateid=2026097209,0,0,0,0,0,0,0,1,Funeral - Baskets
Loving Thoughts Standing Spray,S5254s,314.9500,"Our Loving Thoughts Standing Spray beautifully captures the message you want to send during times of sensitivity. Crafted with classic, statement white and ivory blooms like lilies, roses and snapdragons, this arrangement is the perfect expression of respect.",40"h x 24"w,https://cdn.floristone.com/small/S5254s_t1.jpg,https://cdn.floristone.com/large/S5254s_d1.jpg,https://cdn.floristone.com/hi-res/S5254s_h1.jpg,http://www.floristone.com/detail.cfm?dcode=S5254s&source_id=aff&affiliateid=2026097209,http://www.floristone.com/cart.cfm?dcode=S5254s&source_id=aff&affiliateid=2026097209,0,0,0,0,0,0,0,1,Funeral - Sprays
Graceful Garden Basket,S5255s,104.9500,"Elegant white flowers effortlessly capture your messages of support and love during the passing of a loved one. Our Graceful Garden Basket is handcrafted with stock, spray roses and carnations, with each bloom accented by a charming basket.",14"h x 17"w,https://cdn.floristone.com/small/S5255s_t1.jpg,https://cdn.floristone.com/large/S5255s_d1.jpg,https://cdn.floristone.com/hi-res/S5255s_h1.jpg,http://www.floristone.com/detail.cfm?dcode=S5255s&source_id=aff&affiliateid=2026097209,http://www.floristone.com/cart.cfm?dcode=S5255s&source_id=aff&affiliateid=2026097209,0,0,0,0,0,0,0,1,Funeral - Table Arrangements
Cherished Friend Bouquet,S5256,89.9500,The Cherished Friend Bouquet offers comfort and sympathy in the time of grief and loss. Bright white roses and Peruvian lilies are accented by lush greens and gorgeously arranged in a clear glass gathering vase to create a bouquet that will bring peace and show how much you care.,18"h x 12"w,https://cdn.floristone.com/small/S5256s_t1.jpg,https://cdn.floristone.com/large/S5256s_d1.jpg,https://cdn.floristone.com/hi-res/S5256s_h1.jpg,http://www.floristone.com/detail.cfm?dcode=S5256&source_id=aff&affiliateid=2026097209,http://www.floristone.com/cart.cfm?dcode=S5256&source_id=aff&affiliateid=2026097209,0,0,0,0,0,0,0,1,Funeral - Table Arrangements
Pure Ivory Basket,S5260s,104.9500,"With our Pure Ivory Basket, share comfort and solace to your loved ones who are going through a time of loss. We handcraft this basket of hydrangea, daisy pompons and snapdragons to share your messages of sympathy.",14"h x 17"w,https://cdn.floristone.com/small/S5260s_t1.jpg,https://cdn.floristone.com/large/S5260s_d1.jpg,https://cdn.floristone.com/hi-res/S5260s_h1.jpg,http://www.floristone.com/detail.cfm?dcode=S5260s&source_id=aff&affiliateid=2026097209,http://www.floristone.com/cart.cfm?dcode=S5260s&source_id=aff&affiliateid=2026097209,0,0,0,0,0,0,0,1,Funeral - Table Arrangements
Love & Compassion Arrangement,S5261s,134.9500,"During times of sensitivity, remind those you care about that they are in your heart with our Love & Compassion Arrangement. This display of elegant white flowers is crafted by a local florist, ensuring your condolences are thoughtfully designed and delivered with care.",20"h x 30"w,https://cdn.floristone.com/small/S5261s_t1.jpg,https://cdn.floristone.com/large/S5261s_d1.jpg,https://cdn.floristone.com/hi-res/S5261s_h1.jpg,http://www.floristone.com/detail.cfm?dcode=S5261s&source_id=aff&affiliateid=2026097209,http://www.floristone.com/cart.cfm?dcode=S5261s&source_id=aff&affiliateid=2026097209,0,0,0,0,0,0,0,1,Funeral - Table Arrangements
Compassionate Lily Bouquet,S5262s,94.9500,"Classic lily and hydrangea blooms are designed by a local florist to create our Compassionate Lily Bouquet. Each white bloom elegantly brings solace and comfort to those experiencing a loss. Please note that lilies initially come in bud form, only to beautifully transform as they open up.",16"h x 16"w,https://cdn.floristone.com/small/S5262s_t1.jpg,https://cdn.floristone.com/large/S5262s_d1.jpg,https://cdn.floristone.com/hi-res/S5262s_h1.jpg,http://www.floristone.com/detail.cfm?dcode=S5262s&source_id=aff&affiliateid=2026097209,http://www.floristone.com/cart.cfm?dcode=S5262s&source_id=aff&affiliateid=2026097209,0,0,0,0,0,0,0,1,Funeral - Table Arrangements
Life & Remembrance Casket Spray,S5264s,369.9500,"Our Ivory Gardens Cremation Adornment elegantly shows how much you care. Handcrafted with carnations, sprays roses, stock and daisy pompons, this arrangement can be placed on a table with an urn or framed photograph in the open center, creating a loving tribute for any service.",12"h x 51"w,https://cdn.floristone.com/small/S5264s_t1.jpg,https://cdn.floristone.com/large/S5264s_d1.jpg,https://cdn.floristone.com/hi-res/S5264s_h1.jpg,http://www.floristone.com/detail.cfm?dcode=S5264s&source_id=aff&affiliateid=2026097209,http://www.floristone.com/cart.cfm?dcode=S5264s&source_id=aff&affiliateid=2026097209,0,0,0,0,0,0,0,1,Funeral - Casket Sprays
Gift of Warmth Wreath,S5265s,329.9500,"When someone you know is going through a difficult time, our Gift of Warmth Wreath shares your support. An array of pink and lavender blooms in a classic shape is thoughtfully crafted to express your sympathy.",25" diameter,https://cdn.floristone.com/small/S5265s_t1.jpg,https://cdn.floristone.com/large/S5265s_d1.jpg,https://cdn.floristone.com/hi-res/S5265s_h1.jpg,http://www.floristone.com/detail.cfm?dcode=S5265s&source_id=aff&affiliateid=2026097209,http://www.floristone.com/cart.cfm?dcode=S5265s&source_id=aff&affiliateid=2026097209,0,0,0,0,0,0,0,1,Funeral - Wreaths
Simply Serene Floor Basket,S5266s,184.9500,"Express your condolences in a genuine way with our Simply Serene Floor Basket. Our local florists understand that life is difficult during times of sensitivity. Each artisan takes great care in handcrafting this gorgeous arrangement of hydrangea, lilies and roses together to share your sympathies.",28"h x 33"w,https://cdn.floristone.com/small/S5266s_t1.jpg,https://cdn.floristone.com/large/S5266s_d1.jpg,https://cdn.floristone.com/hi-res/S5266s_h1.jpg,http://www.floristone.com/detail.cfm?dcode=S5266s&source_id=aff&affiliateid=2026097209,http://www.floristone.com/cart.cfm?dcode=S5266s&source_id=aff&affiliateid=2026097209,0,0,0,0,0,0,0,1,Funeral - Baskets
Heaven's Light Standing Heart,S5267s,329.9500,"Our Heaven’s Light Heart is thoughtfully crafted with a beautiful mix of pink and lavender blooms. Each carnation, rose and daisy pompon complement your heartfelt messages of sympathy. This standing spray is perfectly fit to honor your most loving friend or family member who has passed.",22"h x 22"w,https://cdn.floristone.com/small/S5267s_t1.jpg,https://cdn.floristone.com/large/S5267s_d1.jpg,https://cdn.floristone.com/hi-res/S5267s_h1.jpg,http://www.floristone.com/detail.cfm?dcode=S5267s&source_id=aff&affiliateid=2026097209,http://www.floristone.com/cart.cfm?dcode=S5267s&source_id=aff&affiliateid=2026097209,0,0,0,0,0,0,0,1,Funeral - Hearts
Divine Comfort Arrangement,S5268s,184.9500,"The gift of flowers often shares a message of sympathy that words cannot express. For sending condolences that are truly from the heart, our Divine Comfort Arrangement beautifully captures your sentiment. It is elegantly crafted with lisianthus, roses, stock and snapdragons.",32"h x 34"w,https://cdn.floristone.com/small/S5268s_t1.jpg,https://cdn.floristone.com/large/S5268s_d1.jpg,https://cdn.floristone.com/hi-res/S5268s_h1.jpg,http://www.floristone.com/detail.cfm?dcode=S5268s&source_id=aff&affiliateid=2026097209,http://www.floristone.com/cart.cfm?dcode=S5268s&source_id=aff&affiliateid=2026097209,0,0,0,0,0,0,0,1,Funeral - Table Arrangements
Elegant Embrace Standing Spray,S5269s,209.9500,"Our Elegant Embrace Standing Spray shares the warmth and comfort your loved ones need during this difficult time through each blushing bloom. A local florist beautifully combines lilies, spray roses and snapdragons with greens to express your heartfelt love.",38"h x 22"w,https://cdn.floristone.com/small/S5269s_t1.jpg,https://cdn.floristone.com/large/S5269s_d1.jpg,https://cdn.floristone.com/hi-res/S5269s_h1.jpg,http://www.floristone.com/detail.cfm?dcode=S5269s&source_id=aff&affiliateid=2026097209,http://www.floristone.com/cart.cfm?dcode=S5269s&source_id=aff&affiliateid=2026097209,0,0,0,0,0,0,0,1,Funeral - Sprays
Wishes & Blessings Bouquet,S5270s,94.9500,"An array of blushing pink blooms come together beautifully to express your condolences in our Wishes & Blessings Bouquet. Each bloom is designed to share sympathies and bring comfort to those experiencing sadness during a time of loss. While it is perfectly sweet in size, this bouquet is best suited for a small table or to be sent to a home.",17"h x 17"w,https://cdn.floristone.com/small/S5270s_t1.jpg,https://cdn.floristone.com/large/S5270s_d1.jpg,https://cdn.floristone.com/hi-res/S5270s_h1.jpg,http://www.floristone.com/detail.cfm?dcode=S5270s&source_id=aff&affiliateid=2026097209,http://www.floristone.com/cart.cfm?dcode=S5270s&source_id=aff&affiliateid=2026097209,0,0,0,0,0,0,0,1,Funeral - Table Arrangements
Beautiful Spirit Basket,S5272s,104.9500,"Let them know how much you care with a gorgeous bouquet that features carnations, stock, roses, lilies and Fuji mums. Each bloom is a thoughtful reminder of your support and love, while sitting in a beautifully crafted basket.",14"h x 19"w,https://cdn.floristone.com/small/S5272s_t1.jpg,https://cdn.floristone.com/large/S5272s_d1.jpg,https://cdn.floristone.com/hi-res/S5272s_h1.jpg,http://www.floristone.com/detail.cfm?dcode=S5272s&source_id=aff&affiliateid=2026097209,http://www.floristone.com/cart.cfm?dcode=S5272s&source_id=aff&affiliateid=2026097209,0,0,0,0,0,0,0,1,Funeral - Table Arrangements
Radiant Embrace Arrangement,S5273s,159.9500,"Elegantly crafted with an array of pink and green blooms, this bouquet shares your messages of sympathy with grace. Our Radiant Embrace is handcrafted with hydrangea, spider mums, roses and snapdragons to celebrate the life of a dear loved one.",17"h x 19"w,https://cdn.floristone.com/small/S5273s_t1.jpg,https://cdn.floristone.com/large/S5273s_d1.jpg,https://cdn.floristone.com/hi-res/S5273s_h1.jpg,http://www.floristone.com/detail.cfm?dcode=S5273s&source_id=aff&affiliateid=2026097209,http://www.floristone.com/cart.cfm?dcode=S5273s&source_id=aff&affiliateid=2026097209,0,0,0,0,0,0,0,1,Funeral - Table Arrangements
Treasured Love Standing Heart,S5274s,314.9500,"For those who you will always hold close to your heart, share your sympathies with our Treasured Love Standing Heart. This beautiful display is a thoughtful take on a traditional heart and is crafted with cushion pompons, roses, lisianthus and stock.",24"h x 24"w,https://cdn.floristone.com/small/S5274s_t1.jpg,https://cdn.floristone.com/large/S5274s_d1.jpg,https://cdn.floristone.com/hi-res/S5274s_h1.jpg,http://www.floristone.com/detail.cfm?dcode=S5274s&source_id=aff&affiliateid=2026097209,http://www.floristone.com/cart.cfm?dcode=S5274s&source_id=aff&affiliateid=2026097209,0,0,0,0,0,0,0,1,Funeral - Hearts
Life's Gratitude Casket Spray,S5275s,314.9500,"Composed of refined lavender and pink blooms, our Life’s Gratitude Casket Spray beautifully honors the life of the one you lost. Hydrangea is accented by lilies, roses, stock and Bells of Ireland. This stunning spray is a thoughtful expression of your love, comfort and respect.",10"h x 41"w,https://cdn.floristone.com/small/S5275s_t1.jpg,https://cdn.floristone.com/large/S5275s_d1.jpg,https://cdn.floristone.com/hi-res/S5275s_h1.jpg,http://www.floristone.com/detail.cfm?dcode=S5275s&source_id=aff&affiliateid=2026097209,http://www.floristone.com/cart.cfm?dcode=S5275s&source_id=aff&affiliateid=2026097209,0,0,0,0,0,0,0,1,Funeral - Casket Sprays
Heaven Sent Floor Basket,S5276s,169.9500,"Blessings and prayers sent from above are captured in this stunning lavender and white arrangement. Each gorgeous bloom in our Heaven Sent Floor Basket is designed to bring solace during difficult times. While the lilies may initially arrive in bud form, they beautifully transform as they open.",26"h x 26"w,https://cdn.floristone.com/small/S5276s_t1.jpg,https://cdn.floristone.com/large/S5276s_d1.jpg,https://cdn.floristone.com/hi-res/S5276s_h1.jpg,http://www.floristone.com/detail.cfm?dcode=S5276s&source_id=aff&affiliateid=2026097209,http://www.floristone.com/cart.cfm?dcode=S5276s&source_id=aff&affiliateid=2026097209,0,0,0,0,0,0,0,1,Funeral - Baskets
Radiant Tribute Casket Spray,S5279s,314.9500,"Our Radiant Tribute Casket Spray adds a brilliant spectrum of pinks, greens and purples to every celebration of life. With a collection of stock, hydrangea, lisianthus and roses, we craft this grand gesture to capture beauty and brightness in every expression of sympathy.",11"h x 47"w,https://cdn.floristone.com/small/S5279s_t1.jpg,https://cdn.floristone.com/large/S5279s_d1.jpg,https://cdn.floristone.com/hi-res/S5279s_h1.jpg,http://www.floristone.com/detail.cfm?dcode=S5279s&source_id=aff&affiliateid=2026097209,http://www.floristone.com/cart.cfm?dcode=S5279s&source_id=aff&affiliateid=2026097209,0,0,0,0,0,0,0,1,Funeral - Casket Sprays
Calming Colors Wreath,S5280s,294.9500,"The use of color in a sympathy tribute can evoke emotions that words otherwise can’t. In our Calming Colors Wreath, a gorgeous display of bold pinks and comforting purples come together in a timeless expression of sympathy. This arrangement comes expertly crafted with stock, roses and carnations to show how much you care.",22" diameter,https://cdn.floristone.com/small/S5280s_t1.jpg,https://cdn.floristone.com/large/S5280s_d1.jpg,https://cdn.floristone.com/hi-res/S5280s_h1.jpg,http://www.floristone.com/detail.cfm?dcode=S5280s&source_id=aff&affiliateid=2026097209,http://www.floristone.com/cart.cfm?dcode=S5280s&source_id=aff&affiliateid=2026097209,0,0,0,0,0,0,0,1,Funeral - Wreaths
Beautiful Horizons Floor Basket,S5281s,159.9500,"Bold hydrangea is paired with roses, stock and statice to create our elegant Beautiful Horizons Floor Basket. It’s mix of texture and vibrant hues reminds loved ones of your heartfelt support and the radiance they evoked during their beautiful life.",30"h x 30"w,https://cdn.floristone.com/small/S5281s_t1.jpg,https://cdn.floristone.com/large/S5281s_d1.jpg,https://cdn.floristone.com/hi-res/S5281s_h1.jpg,http://www.floristone.com/detail.cfm?dcode=S5281s&source_id=aff&affiliateid=2026097209,http://www.floristone.com/cart.cfm?dcode=S5281s&source_id=aff&affiliateid=2026097209,0,0,0,0,0,0,0,1,Funeral - Baskets
Eternal Day Arrangement,S5282s,169.9500,"Whether it is a time of sensitivity or a celebration of life, a graceful mixture of purple and hot pink blooms reminds them of your compassion. Each rose, lisianthus, stock and carnation is complemented by a timeless white pedestal urn to share an uplifting message.",31"h x 31"w,https://cdn.floristone.com/small/S5282s_t1.jpg,https://cdn.floristone.com/large/S5282s_d1.jpg,https://cdn.floristone.com/hi-res/S5282s_h1.jpg,http://www.floristone.com/detail.cfm?dcode=S5282s&source_id=aff&affiliateid=2026097209,http://www.floristone.com/cart.cfm?dcode=S5282s&source_id=aff&affiliateid=2026097209,0,0,0,0,0,0,0,1,Funeral - Table Arrangements
Tribute Rose Floral Cross,S5283s,264.9500,"For a loved one who lived a faithful life, send prayers and blessings with our Tribute Rose Floral Cross. A display of vibrant roses stands out among accents of statice, dianthus and button pompons to share your expressions of grace.",27"h x 18"w,https://cdn.floristone.com/small/S5283s_t1.jpg,https://cdn.floristone.com/large/S5283s_d1.jpg,https://cdn.floristone.com/hi-res/S5283s_h1.jpg,http://www.floristone.com/detail.cfm?dcode=S5283s&source_id=aff&affiliateid=2026097209,http://www.floristone.com/cart.cfm?dcode=S5283s&source_id=aff&affiliateid=2026097209,0,0,0,0,0,0,0,1,Funeral - Crosses
Serene Sanctuary Basket,S5284s,104.9500,"Share your loving thoughts and heartfelt emotions with an arrangement that captures beauty within each bloom. Bold roses, stock, lisianthus and carnations fill our Serene Sanctuary Basket to express your condolences during times of sympathy.",13"h x 16"w,https://cdn.floristone.com/small/S5284s_t1.jpg,https://cdn.floristone.com/large/S5284s_d1.jpg,https://cdn.floristone.com/hi-res/S5284s_h1.jpg,http://www.floristone.com/detail.cfm?dcode=S5284s&source_id=aff&affiliateid=2026097209,http://www.floristone.com/cart.cfm?dcode=S5284s&source_id=aff&affiliateid=2026097209,0,0,0,0,0,0,0,1,Funeral - Table Arrangements
Charm & Comfort Bouquet,S5285s,94.9500,"Charm and comfort are evoked though a refined array of bright roses, lisianthus and snapdragons. We handcraft this stunning bouquet to show that you are here for those you care about during difficult times of loss. While this arrangement is simply sweet in size, it is best suited for a small table, home or residence.",16"h x 18"w,https://cdn.floristone.com/small/S5285s_t1.jpg,https://cdn.floristone.com/large/S5285s_d1.jpg,https://cdn.floristone.com/hi-res/S5285s_h1.jpg,http://www.floristone.com/detail.cfm?dcode=S5285s&source_id=aff&affiliateid=2026097209,http://www.floristone.com/cart.cfm?dcode=S5285s&source_id=aff&affiliateid=2026097209,0,0,0,0,0,0,0,1,Funeral - Table Arrangements
Radiant Remembrance Basket,S5286s,94.9500,"With our Radiant Remembrance Basket, hope and comfort is captured within each bloom. A gorgeous selection of roses, stock, lisianthus and carnations come together in a reusable basket to add a touch of brightness to every celebration of life.",11"h x 16"w,https://cdn.floristone.com/small/S5286s_t1.jpg,https://cdn.floristone.com/large/S5286s_d1.jpg,https://cdn.floristone.com/hi-res/S5286s_h1.jpg,http://www.floristone.com/detail.cfm?dcode=S5286s&source_id=aff&affiliateid=2026097209,http://www.floristone.com/cart.cfm?dcode=S5286s&source_id=aff&affiliateid=2026097209,0,0,0,0,0,0,0,1,Funeral - Table Arrangements
Everlasting Embrace Bouquet,S5289s,94.9500,"Share your love and sympathies with our Everlasting Embrace Bouquet. A collection of roses, lisianthus, stock and Fuji mums are crafted in a clear vase to evoke the same warmth that comes from a comforting embrace. This bouquet is simply sweet in size and best suited for a small table, home or residence.",17"h x 16"w,https://cdn.floristone.com/small/S5289s_t1.jpg,https://cdn.floristone.com/large/S5289s_d1.jpg,https://cdn.floristone.com/hi-res/S5289s_h1.jpg,http://www.floristone.com/detail.cfm?dcode=S5289s&source_id=aff&affiliateid=2026097209,http://www.floristone.com/cart.cfm?dcode=S5289s&source_id=aff&affiliateid=2026097209,0,0,0,0,0,0,0,1,Funeral - Table Arrangements
Unity & Grace Floor Basket,S5291s,134.9500,"Every bloom in our Unity & Grace Floor Basket reminds us of the brightness of their spirit. This stunning arrangement features an uplifting mix of hydrangea, larkspur, daisy pompons and mums.",26"h x 24"w,https://cdn.floristone.com/small/S5291s_t1.jpg,https://cdn.floristone.com/large/S5291s_d1.jpg,https://cdn.floristone.com/hi-res/S5291s_h1.jpg,http://www.floristone.com/detail.cfm?dcode=S5291s&source_id=aff&affiliateid=2026097209,http://www.floristone.com/cart.cfm?dcode=S5291s&source_id=aff&affiliateid=2026097209,0,0,0,0,0,0,0,1,Funeral - Baskets
Golden Remembrance Wreath,S5292s,289.9500,"Whether yellow was their favorite color or it captures the essence of their radiance, a ring of bright blooms thoughtfully displays your sentiment. Our Golden Remembrance Wreath is composed of spray roses, daisy pompons, carnations and more. Each flower is selected to beautifully accent one another and the love you are sending.",24" diameter,https://cdn.floristone.com/small/S5292s_t1.jpg,https://cdn.floristone.com/large/S5292s_d1.jpg,https://cdn.floristone.com/hi-res/S5292s_h1.jpg,http://www.floristone.com/detail.cfm?dcode=S5292s&source_id=aff&affiliateid=2026097209,http://www.floristone.com/cart.cfm?dcode=S5292s&source_id=aff&affiliateid=2026097209,0,0,0,0,0,0,0,1,Funeral - Wreaths
Hope & Serenity Bouquet,S5294s,119.9500,"Whether it is a time of sensitivity or a celebration of life, our Hope & Serenity Bouquet evokes comfort with each bloom. A collection of lilies, roses and alstroemeria add freshness to your messages of love. While it’s perfectly sweet in size, this pick is best suited for a small table or within a home.",17"h x 15"w,https://cdn.floristone.com/small/S5294s_t1.jpg,https://cdn.floristone.com/large/S5294s_d1.jpg,https://cdn.floristone.com/hi-res/S5294s_h1.jpg,http://www.floristone.com/detail.cfm?dcode=S5294s&source_id=aff&affiliateid=2026097209,http://www.floristone.com/cart.cfm?dcode=S5294s&source_id=aff&affiliateid=2026097209,0,0,0,0,0,0,0,1,Funeral - Table Arrangements
Thoughtful Prayers Standing Spray,S5296s,209.9500,"Our Thoughtful Prayers Standing Spray beautifully remembers their passion and radiance within each bright bloom. Bold lilies, roses, stock and snapdragons are paired with lush greens to celebrate the life of a loved one.",34"h x 21"w,https://cdn.floristone.com/small/S5296s_t1.jpg,https://cdn.floristone.com/large/S5296s_d1.jpg,https://cdn.floristone.com/hi-res/S5296s_h1.jpg,http://www.floristone.com/detail.cfm?dcode=S5296s&source_id=aff&affiliateid=2026097209,http://www.floristone.com/cart.cfm?dcode=S5296s&source_id=aff&affiliateid=2026097209,0,0,0,0,0,0,0,1,Funeral - Sprays
Heartfelt Hope Arrangement,S5300s,169.9500,"Our Heartfelt Hope Arrangement brings solace to loved ones during times of sensitivity. A local florist handcrafts a collection of lilies, roses, dianthus and delphinium to complement your calming messages of sympathy. Each bouquet comes delivered by hand and arrives fresh to a funeral home or service.",29"h x 24"w,https://cdn.floristone.com/small/S5300s_t1.jpg,https://cdn.floristone.com/large/S5300s_d1.jpg,https://cdn.floristone.com/hi-res/S5300s_h1.jpg,http://www.floristone.com/detail.cfm?dcode=S5300s&source_id=aff&affiliateid=2026097209,http://www.floristone.com/cart.cfm?dcode=S5300s&source_id=aff&affiliateid=2026097209,0,0,0,0,0,0,0,1,Funeral - Table Arrangements
Soft Serenity Floor Basket,S5301s,139.9500,"Designed with a fresh mix of blue and white flowers, this tribute is crafted to bring peace to a loved one while they grieve. We craft iris, hydrangea, delphinium and cremon mums in our Soft Serenity Floor Basket to remind your loved one of how much you care for them.",26"h x 25"w,https://cdn.floristone.com/small/S5301s_t1.jpg,https://cdn.floristone.com/large/S5301s_d1.jpg,https://cdn.floristone.com/hi-res/S5301s_h1.jpg,http://www.floristone.com/detail.cfm?dcode=S5301s&source_id=aff&affiliateid=2026097209,http://www.floristone.com/cart.cfm?dcode=S5301s&source_id=aff&affiliateid=2026097209,0,0,0,0,0,0,0,1,Funeral - Baskets
Faithful Friend Standing Spray,S5302s,194.9500,"A collection of bold blue flowers shares a tribute that words cannot express. Designed with lilies, roses, delphinium and snapdragons our Faithful Friend Standing Spray is a grand gesture to express kindness and solace to a loved one while they are remembering the life they cherished so much.",34"h x 23"w,https://cdn.floristone.com/small/S5302s_t1.jpg,https://cdn.floristone.com/large/S5302s_d1.jpg,https://cdn.floristone.com/hi-res/S5302s_h1.jpg,http://www.floristone.com/detail.cfm?dcode=S5302s&source_id=aff&affiliateid=2026097209,http://www.floristone.com/cart.cfm?dcode=S5302s&source_id=aff&affiliateid=2026097209,0,0,0,0,0,0,0,1,Funeral - Sprays
Loving Respect Bouquet,S5303s,94.9500,"Elegantly crafted with a stunning mix of red and white blooms, our Loving Respect Bouquet reminds those you care about that you are thinking of them. We design roses and lilies together to convey your comfort and love. While this arrangement is perfectly sweet in size, it is best suited for a small table, or within a home or residence.",19"h x 15"w,https://cdn.floristone.com/small/S5303s_t1.jpg,https://cdn.floristone.com/large/S5303s_d1.jpg,https://cdn.floristone.com/hi-res/S5303s_h1.jpg,http://www.floristone.com/detail.cfm?dcode=S5303s&source_id=aff&affiliateid=2026097209,http://www.floristone.com/cart.cfm?dcode=S5303s&source_id=aff&affiliateid=2026097209,0,0,0,0,0,0,0,1,Funeral - Table Arrangements
Everlasting Memory Standing Spray,S5304s,199.9500,"Our Everlasting Memory Standing Spray combines timeless hues with unique blooms to honor the life of the one you have lost. Each lily, rose and snapdragon are elegantly curated by a local florist to share your messages of peace, sympathy and love. It arrives directly from an artisan to your service, making it a truly special gesture.",38"h x 22"w,https://cdn.floristone.com/small/S5304s_t1.jpg,https://cdn.floristone.com/large/S5304s_d1.jpg,https://cdn.floristone.com/hi-res/S5304s_h1.jpg,http://www.floristone.com/detail.cfm?dcode=S5304s&source_id=aff&affiliateid=2026097209,http://www.floristone.com/cart.cfm?dcode=S5304s&source_id=aff&affiliateid=2026097209,0,0,0,0,0,0,0,1,Funeral - Sprays
Sentiments of Love Arrangement,S5305s,169.9500,"Our Sentiments of Love Arrangement is crafted with bold red and soft white blooms to beautifully display your respects during times of sensitivity. Each bloom is composed with grace and elegance as it is placed in a white basket. It features a unique collection of lilies, roses, larkspur and carnations that is fit to send to either a home or service.",20"h x 25"w,https://cdn.floristone.com/small/S5305s_t1.jpg,https://cdn.floristone.com/large/S5305s_d1.jpg,https://cdn.floristone.com/hi-res/S5305s_h1.jpg,http://www.floristone.com/detail.cfm?dcode=S5305s&source_id=aff&affiliateid=2026097209,http://www.floristone.com/cart.cfm?dcode=S5305s&source_id=aff&affiliateid=2026097209,0,0,0,0,0,0,0,1,Funeral - Table Arrangements
Stars of Life Standing Spray,S5308s,184.9500,"Share your respects with flowers that evoke the true spirit of a hero. Our Stars of Life Standing Spray is accented with a patriotic ribbon and features a gorgeous yet timeless collection of carnations, snapdragons, lilies and roses.",38"h x 19"w,https://cdn.floristone.com/small/S5308s_t1.jpg,https://cdn.floristone.com/large/S5308s_d1.jpg,https://cdn.floristone.com/hi-res/S5308s_h1.jpg,http://www.floristone.com/detail.cfm?dcode=S5308s&source_id=aff&affiliateid=2026097209,http://www.floristone.com/cart.cfm?dcode=S5308s&source_id=aff&affiliateid=2026097209,0,0,0,0,0,0,0,1,Funeral - Sprays
Patriotic Passion Wreath,S5309s,289.9500,"Our Patriotic Passion Wreath is a beautiful symbol of honor, bravery and loyalty. Each arrangement is handcrafted with a collection of cushion pompons, roses and delphinium to create the tribute they deserve for their sacrifice.",24" diameter,https://cdn.floristone.com/small/S5309s_t1.jpg,https://cdn.floristone.com/large/S5309s_d1.jpg,https://cdn.floristone.com/hi-res/S5309s_h1.jpg,http://www.floristone.com/detail.cfm?dcode=S5309s&source_id=aff&affiliateid=2026097209,http://www.floristone.com/cart.cfm?dcode=S5309s&source_id=aff&affiliateid=2026097209,0,0,0,0,0,0,0,1,Funeral - Wreaths
Healing Thoughts Arrangement,S5317s,134.9500,"Deliver an uplifting message with a fresh array of springtime hues with our Healing Thoughts Arrangement. Roses, alstroemeria, lisianthus and spider mums come together in this modern display of sympathy to share your love.",15"h x 18"w,https://cdn.floristone.com/small/S5317s_t1.jpg,https://cdn.floristone.com/large/S5317s_d1.jpg,https://cdn.floristone.com/hi-res/S5317s_h1.jpg,http://www.floristone.com/detail.cfm?dcode=S5317s&source_id=aff&affiliateid=2026097209,http://www.floristone.com/cart.cfm?dcode=S5317s&source_id=aff&affiliateid=2026097209,0,0,0,0,0,0,0,1,Funeral - Table Arrangements
Wondrous Memories Bouquet,S5319s,94.9500,"The freshness of bright spring flowers brings comfort and peace to those celebrating the beautiful life of someone they lost. Within our Wondrous Memories Bouquet, your messages of sympathy are complemented with bursting tulips, roses, hydrangea and double lisianthus in radiant garden hues.",17"h x 13"w,https://cdn.floristone.com/small/S5319s_t1.jpg,https://cdn.floristone.com/large/S5319s_d1.jpg,https://cdn.floristone.com/hi-res/S5319s_h1.jpg,http://www.floristone.com/detail.cfm?dcode=S5319s&source_id=aff&affiliateid=2026097209,http://www.floristone.com/cart.cfm?dcode=S5319s&source_id=aff&affiliateid=2026097209,0,0,0,0,0,0,0,1,Funeral - Table Arrangements
Garden of Life Basket,S5321s,104.9500,"A gorgeous mix of beautiful, bright summer flowers offers an uplifting expression of your sympathy and love. This basket comes designed with iris, stock and roses to share your thoughtful sentiments to any service or home.",16"h x 23"w,https://cdn.floristone.com/small/S5321s_t1.jpg,https://cdn.floristone.com/large/S5321s_d1.jpg,https://cdn.floristone.com/hi-res/S5321s_h1.jpg,http://www.floristone.com/detail.cfm?dcode=S5321s&source_id=aff&affiliateid=2026097209,http://www.floristone.com/cart.cfm?dcode=S5321s&source_id=aff&affiliateid=2026097209,0,0,0,0,0,0,0,1,Funeral - Table Arrangements
Sunlit Memories Standing Spray,S5322s,209.9500,"Our Sunlit Memories Standing Spray is crafted with a mix of fuchsia, deep blue, hot pink and orange florals to celebrate their radiant life. This vibrant display combines bright shades with stunning texture while sharing thoughtful sentiments and comfort to loved ones.",36"h x 25"w,https://cdn.floristone.com/small/S5322s_t1.jpg,https://cdn.floristone.com/large/S5322s_d1.jpg,https://cdn.floristone.com/hi-res/S5322s_h1.jpg,http://www.floristone.com/detail.cfm?dcode=S5322s&source_id=aff&affiliateid=2026097209,http://www.floristone.com/cart.cfm?dcode=S5322s&source_id=aff&affiliateid=2026097209,0,0,0,0,0,0,0,1,Funeral - Sprays
Rays of Life Bouquet,S5324s,134.9500,"Show your loved ones how much you care about them with a beautiful bouquet full of bright summer florals. Our Rays of Light Bouquet arrives handcrafted with sunflowers, iris, stock and delphinium to offer your comfort. While this bouquet is stunning in size, if is best to be placed on a small table, or within in a home or residence.",22"h x 24"w,https://cdn.floristone.com/small/S5324s_t1.jpg,https://cdn.floristone.com/large/S5324s_d1.jpg,https://cdn.floristone.com/hi-res/S5324s_h1.jpg,http://www.floristone.com/detail.cfm?dcode=S5324s&source_id=aff&affiliateid=2026097209,http://www.floristone.com/cart.cfm?dcode=S5324s&source_id=aff&affiliateid=2026097209,0,0,0,0,0,0,0,1,Funeral - Table Arrangements
Giving Grace Bouquet,S5325s,99.9500,"Elegantly designed with a modern mix of wildflower blooms, our Giving Grace Bouquet expressed an enlightening message of your sympathy. This charming arrangement is crafted with iris, stock and delphinium to convey your condolences. While this bouquet is perfectly beautiful in size, it is best suited for a small table, or within a home or residence.",18"h x 19"w,https://cdn.floristone.com/small/S5325s_t1.jpg,https://cdn.floristone.com/large/S5325s_d1.jpg,https://cdn.floristone.com/hi-res/S5325s_h1.jpg,http://www.floristone.com/detail.cfm?dcode=S5325s&source_id=aff&affiliateid=2026097209,http://www.floristone.com/cart.cfm?dcode=S5325s&source_id=aff&affiliateid=2026097209,0,0,0,0,0,0,0,1,Funeral - Table Arrangements
Always Treasured Casket Spray,S5326s,329.9500,"Serenity and radiance are captured with this gorgeous display of wildflowers. We uniquely craft hydrangea, lisianthus, Bells of Ireland and iris to honor a loved one.",20"h x 42"w,https://cdn.floristone.com/small/S5326s_t1.jpg,https://cdn.floristone.com/large/S5326s_d1.jpg,https://cdn.floristone.com/hi-res/S5326s_h1.jpg,http://www.floristone.com/detail.cfm?dcode=S5326s&source_id=aff&affiliateid=2026097209,http://www.floristone.com/cart.cfm?dcode=S5326s&source_id=aff&affiliateid=2026097209,0,0,0,0,0,0,0,1,Funeral - Casket Sprays
Memorial of Life Arrangement,S5328s,159.9500,"With our Memorial of Life Arrangement, an enchanting mix of purple and blue florals are accented by lush greens to share solace with loved ones. An array of stock, lisianthus and delphinium make this fresh bouquet a stunning piece to express your love and comfort during times of sensitivity.",32"h x 34"w,https://cdn.floristone.com/small/S5328s_t1.jpg,https://cdn.floristone.com/large/S5328s_d1.jpg,https://cdn.floristone.com/hi-res/S5328s_h1.jpg,http://www.floristone.com/detail.cfm?dcode=S5328s&source_id=aff&affiliateid=2026097209,http://www.floristone.com/cart.cfm?dcode=S5328s&source_id=aff&affiliateid=2026097209,0,0,0,0,0,0,0,1,Funeral - Table Arrangements
Heavenly Skies Standing Spray,S5329s,194.9500,"This colorful spray is a modern and refreshing mix that brings serenity to those who experience a loss. Our Heavenly Skies Standing Spray is crafted with a beautiful blend of stock, iris, dianthus and delphinium reminiscent of a hopeful wildflower garden.",35"h x 21"w,https://cdn.floristone.com/small/S5329s_t1.jpg,https://cdn.floristone.com/large/S5329s_d1.jpg,https://cdn.floristone.com/hi-res/S5329s_h1.jpg,http://www.floristone.com/detail.cfm?dcode=S5329s&source_id=aff&affiliateid=2026097209,http://www.floristone.com/cart.cfm?dcode=S5329s&source_id=aff&affiliateid=2026097209,0,0,0,0,0,0,0,1,Funeral - Sprays
Fall Sentiments Arrangement,S5331s,169.9500,"The bright yellows, bold oranges and vibrant greens in our Fall Sentiments Arrangement capture your heartfelt condolences. Each bloom offers warmth and sympathy to the people you care about as they grieve during this difficult time. This stunning arrangement arrives handcrafted and hand delivered by a local florist to any service or home.",32"h x 31"w,https://cdn.floristone.com/small/S5331s_t1.jpg,https://cdn.floristone.com/large/S5331s_d1.jpg,https://cdn.floristone.com/hi-res/S5331s_h1.jpg,http://www.floristone.com/detail.cfm?dcode=S5331s&source_id=aff&affiliateid=2026097209,http://www.floristone.com/cart.cfm?dcode=S5331s&source_id=aff&affiliateid=2026097209,0,0,0,0,0,0,0,1,Funeral - Baskets
Harvest Thoughts Floor Basket,S5332s,159.9500,"Whether autumn was their favorite season or you just want to bring comfort during this difficult time, our Harvest Thoughts Arrangement beautifully shares your sympathies. Bursting lilies fill this basket with texture and are complemented by bright sunflowers, roses and pompons.",25"h x 27"w,https://cdn.floristone.com/small/S5332s_t1.jpg,https://cdn.floristone.com/large/S5332s_d1.jpg,https://cdn.floristone.com/hi-res/S5332s_h1.jpg,http://www.floristone.com/detail.cfm?dcode=S5332s&source_id=aff&affiliateid=2026097209,http://www.floristone.com/cart.cfm?dcode=S5332s&source_id=aff&affiliateid=2026097209,0,0,0,0,0,0,0,1,Funeral - Baskets
Autumnal Memories Wreath,S5333s,314.9500,"Share your sympathies with a stunning harvest wreath that both celebrates the season and their beautiful life. The vibrant shades of fall are curated with a collection of sunflowers, dianthus and roses in our Autumnal Memories Wreath. Each stunning bloom delivers your love and reverence with this timeless sympathy tribute.",26" diameter,https://cdn.floristone.com/small/S5333s_t1.jpg,https://cdn.floristone.com/large/S5333s_d1.jpg,https://cdn.floristone.com/hi-res/S5333s_h1.jpg,http://www.floristone.com/detail.cfm?dcode=S5333s&source_id=aff&affiliateid=2026097209,http://www.floristone.com/cart.cfm?dcode=S5333s&source_id=aff&affiliateid=2026097209,0,0,0,0,0,0,0,1,Funeral - Wreaths
Harvest Sunflower Basket,S5334s,94.9500,"Rustic, natural beauty and vibrant shades are used to create our Harvest Sunflower Basket. A mix of bold sunflowers, roses and dianthus complement your most heartfelt messages of comfort during times of sensitivity.",11"h x 15"w,https://cdn.floristone.com/small/S5334s_t1.jpg,https://cdn.floristone.com/large/S5334s_d1.jpg,https://cdn.floristone.com/hi-res/S5334s_h1.jpg,http://www.floristone.com/detail.cfm?dcode=S5334s&source_id=aff&affiliateid=2026097209,http://www.floristone.com/cart.cfm?dcode=S5334s&source_id=aff&affiliateid=2026097209,0,0,0,0,0,0,0,1,Funeral - Table Arrangements
Sincerely Heartfelt Basket,S5335s,94.9500,"Fresh blue and white flowers are designed to share your heartfelt thoughts for the loss of a loved one. We beautifully craft roses, lisianthus and delphinium to create the loving sentiment that is sent with our Sincerely Heartfelt Basket.",12"h x 16"w,https://cdn.floristone.com/small/S5335s_t1.jpg,https://cdn.floristone.com/large/S5335s_d1.jpg,https://cdn.floristone.com/hi-res/S5335s_h1.jpg,http://www.floristone.com/detail.cfm?dcode=S5335s&source_id=aff&affiliateid=2026097209,http://www.floristone.com/cart.cfm?dcode=S5335s&source_id=aff&affiliateid=2026097209,0,0,0,0,0,0,0,1,Funeral - Table Arrangements
Guiding Grace Bouquet,S5336s,119.9500,"Share comfort, love and solace with a bouquet designed with blushing pink and pure white blooms. An array of hydrangea, stock, roses and lisianthus come together in a glass vase to create our Guiding Grace Bouquet. While this arrangement is simply sweet in size, it is best place on a small table, or within the home of your loved ones.",16"h x 14"w,https://cdn.floristone.com/small/S5336s_t1.jpg,https://cdn.floristone.com/large/S5336s_d1.jpg,https://cdn.floristone.com/hi-res/S5336s_h1.jpg,http://www.floristone.com/detail.cfm?dcode=S5336s&source_id=aff&affiliateid=2026097209,http://www.floristone.com/cart.cfm?dcode=S5336s&source_id=aff&affiliateid=2026097209,0,0,0,0,0,0,0,1,Funeral - Table Arrangements
Always Graceful Basket,S5337s,94.9500,"Our Always Graceful Basket is a heartfelt offering of your condolences. Crafted with roses, lisianthus and stock, this touching tribute of flowers is a sweet display of soft serenity.",13"h x 15"w,https://cdn.floristone.com/small/S5337s_t1.jpg,https://cdn.floristone.com/large/S5337s_d1.jpg,https://cdn.floristone.com/hi-res/S5337s_h1.jpg,http://www.floristone.com/detail.cfm?dcode=S5337s&source_id=aff&affiliateid=2026097209,http://www.floristone.com/cart.cfm?dcode=S5337s&source_id=aff&affiliateid=2026097209,0,0,0,0,0,0,0,1,Funeral - Table Arrangements
Rustic Remembrance Basket,S5343s,94.9500,"Our Rustic Remembrance Basket is designed to share an expression of hope, grace and comfort within each yellow bloom. This bright and uplifting arrangement is crafted with hydrangea, roses and Queen Anne’s Lace. While it is perfectly sweet in size, it is best suited for a small table or within a residence.",13"h x 14"w,https://cdn.floristone.com/small/S5343s_t1.jpg,https://cdn.floristone.com/large/S5343s_d1.jpg,https://cdn.floristone.com/hi-res/S5343s_h1.jpg,http://www.floristone.com/detail.cfm?dcode=S5343s&source_id=aff&affiliateid=2026097209,http://www.floristone.com/cart.cfm?dcode=S5343s&source_id=aff&affiliateid=2026097209,0,0,0,0,0,0,0,1,Funeral - Table Arrangements
Beloved Blessings Arrangement,S5344s,159.9500,"The loss of someone we care about is incredibly difficult, but celebrating their life can often help. Our Beloved Blessings arrangement shares solace, comfort and radiance with those commemorating a loved one. It is handcrafted with hydrangea, Cremon mums and carnations to create a thoughtful tribute.",24"h x 20"w,https://cdn.floristone.com/small/S5344s_t1.jpg,https://cdn.floristone.com/large/S5344s_d1.jpg,https://cdn.floristone.com/hi-res/S5344s_h1.jpg,http://www.floristone.com/detail.cfm?dcode=S5344s&source_id=aff&affiliateid=2026097209,http://www.floristone.com/cart.cfm?dcode=S5344s&source_id=aff&affiliateid=2026097209,0,0,0,0,0,0,0,1,Funeral - Table Arrangements
Calming Comfort Bouquet,S5345s,94.9500,"Accented by a deep blue vase, our Calming Comfort Bouquet is crafted with iris, lilies, stock and delphinium. This unique mix of blue and white flowers makes a well-suited tribute to send to those memorializing the loss of a male or someone who had a soothing presence. While this arrangement is perfectly sweet in size, it is best suited for a small table or in a home.",17"h x 15"w,https://cdn.floristone.com/small/S5345s_t1.jpg,https://cdn.floristone.com/large/S5345s_d1.jpg,https://cdn.floristone.com/hi-res/S5345s_h1.jpg,http://www.floristone.com/detail.cfm?dcode=S5345s&source_id=aff&affiliateid=2026097209,http://www.floristone.com/cart.cfm?dcode=S5345s&source_id=aff&affiliateid=2026097209,0,0,0,0,0,0,0,1,Funeral - Table Arrangements
Harmony & Grace Basket,S5346s,104.9500,"Crafted with a modern mix of blooms, our Harmony & Grace Basket shares peace, harmony and solace to a grieving loved one. While the bouquet is crafted with an elegant collection of roses, delphinium and carnations, it is your sentiment that truly brings this arrangement together. While this arrangement is effortlessly beautiful, it is best suited to be placed on a table or stand.",14"h x 20"w,https://cdn.floristone.com/small/S5346s_t1.jpg,https://cdn.floristone.com/large/S5346s_d1.jpg,https://cdn.floristone.com/hi-res/S5346s_h1.jpg,http://www.floristone.com/detail.cfm?dcode=S5346s&source_id=aff&affiliateid=2026097209,http://www.floristone.com/cart.cfm?dcode=S5346s&source_id=aff&affiliateid=2026097209,0,0,0,0,0,0,0,1,Funeral - Table Arrangements
Circle of Love Wreath,S5348s,349.9500,"Deliver your sympathy in a thoughtful and supportive way with our beautiful Circle of Love Wreath. This bold, colorful collection of blooms celebrates and commemorates the life of a lost loved one.",23" diameter,https://cdn.floristone.com/small/S5348s_t1.jpg,https://cdn.floristone.com/large/S5348s_d1.jpg,https://cdn.floristone.com/hi-res/S5348s_h1.jpg,http://www.floristone.com/detail.cfm?dcode=S5348s&source_id=aff&affiliateid=2026097209,http://www.floristone.com/cart.cfm?dcode=S5348s&source_id=aff&affiliateid=2026097209,0,0,0,0,0,0,0,1,Funeral - Wreaths
Pride & Unity Arrangement,S5349s,314.9500,"With blooms that capture every bold color of the rainbow, our Pride & Unity Arrangement celebrates and commemorates the life of a lost loved one. This beautiful collection of flowers embodies all shades in its collections of roses, stock, gerbera daisies, hydrangea and more. It’s wide variety of flowers complement one another and your messages of support.",32"h x 30"w,https://cdn.floristone.com/small/S5349s_t1.jpg,https://cdn.floristone.com/large/S5349s_d1.jpg,https://cdn.floristone.com/hi-res/S5349s_h1.jpg,http://www.floristone.com/detail.cfm?dcode=S5349s&source_id=aff&affiliateid=2026097209,http://www.floristone.com/cart.cfm?dcode=S5349s&source_id=aff&affiliateid=2026097209,0,0,0,0,0,0,0,1,Funeral - Table Arrangements
Prideful Basket,S5350s,129.9500,Our Prideful Basket shares support and comfort during times of sensitivity. This arrangement is designed with a mix of truly unique flowers in each bold shade of the rainbow to remind loved ones of how much you truly care about them and the one you are remembering.,14"h x 22"w,https://cdn.floristone.com/small/S5350s_t1.jpg,https://cdn.floristone.com/large/S5350s_d1.jpg,https://cdn.floristone.com/hi-res/S5350s_h1.jpg,http://www.floristone.com/detail.cfm?dcode=S5350s&source_id=aff&affiliateid=2026097209,http://www.floristone.com/cart.cfm?dcode=S5350s&source_id=aff&affiliateid=2026097209,0,0,0,0,0,0,0,1,Funeral - Table Arrangements
Love & Light Standing Spray,S5705,179.9500,"A standing spray of mums, lilies, carnations and more. Appropriate for the funeral home.",43"h x 34"w,https://cdn.floristone.com/small/S5705_t1.jpg,https://cdn.floristone.com/large/S5705_d1.jpg,,http://www.floristone.com/detail.cfm?dcode=S5705&source_id=aff&affiliateid=2026097209,http://www.floristone.com/cart.cfm?dcode=S5705&source_id=aff&affiliateid=2026097209,0,0,0,0,0,0,0,1,Funeral - Sprays
Exquisite Tribute Standing Spray,S6-4447,194.9500,"The Exquisite Tribute Standing Spray is an elegant display of sweet serenity. White roses, Asiatic lilies, chrysanthemums and mini carnations are artfully arranged amongst emerald palm fronds and lush greens. Accented by white satin ribbon and standing on a wire easel, this standing spray is an outstanding way to honor the life of your loved one.",32"h x 20"w,https://cdn.floristone.com/small/S6-4447_t1.jpg,https://cdn.floristone.com/large/S6-4447_d1.jpg,https://cdn.floristone.com/hi-res/S6-4447_h1.jpg,http://www.floristone.com/detail.cfm?dcode=S6-4447&source_id=aff&affiliateid=2026097209,http://www.floristone.com/cart.cfm?dcode=S6-4447&source_id=aff&affiliateid=2026097209,0,0,0,0,0,0,0,1,Funeral - Sprays
Peace & Serenity Dishgarden,S9-4454,79.9500,The Peace & Serenity Dishgarden is a gorgeous way to convey your deepest sympathies for your special recipient's loss. A collection of incredibly beautiful plants accented by fresh cut stems of white Peruvian lilies. Variety of plants and basket style will vary.,18"h x 13"w,https://cdn.floristone.com/small/S9-4454_t1.jpg,https://cdn.floristone.com/large/S9-4454_d1.jpg,https://cdn.floristone.com/hi-res/S9-4454_h1.jpg,http://www.floristone.com/detail.cfm?dcode=S9-4454&source_id=aff&affiliateid=2026097209,http://www.floristone.com/cart.cfm?dcode=S9-4454&source_id=aff&affiliateid=2026097209,0,0,0,0,0,0,0,1,Plants
Stratford Gardens,T09J400A,79.9500,"For a gift that’s reminiscent of a stroll through the English countryside, send this stunning mix of pink and peach roses mingled with cool lavender chrysanthemums, arranged in a misty lavender vase. It’s as charming as a cottage garden. Pink spray roses, waxflower and hot pink miniature carnations, plus peach roses and lavender cushion spray chrysanthemums – accented with bupleurum, seeded eucalyptus and oregonia – are delivered in a lavender sweetheart vase. Style and color of vase may vary.",13" h x 11" w,https://cdn.floristone.com/small/T09J400A_t1.jpg,https://cdn.floristone.com/large/T09J400A_d1.jpg,https://cdn.floristone.com/hi-res/T09J400A_h1.jpg,http://www.floristone.com/detail.cfm?dcode=T09J400A&source_id=aff&affiliateid=2026097209,http://www.floristone.com/cart.cfm?dcode=T09J400A&source_id=aff&affiliateid=2026097209,1,1,1,1,1,0,0,0,Vase Arrangements
Roman Holiday,T10-1A,139.9500,"Want to know the true meaning of a Roman Holiday? If you ask us, it's really a romance holiday where true love blossoms! In this case, it's presented gorgeously. Beautiful dark pink hydrangea, red and lavender roses, carnations in dark purple and lavender, hot pink freesia and lavender phlox are perfectly arranged in a simply lovely cylinder vase.",14" h x 12" w,https://cdn.floristone.com/small/T10-1A_t1.jpg,https://cdn.floristone.com/large/T10-1A_d1.jpg,https://cdn.floristone.com/hi-res/T10-1A_h1.jpg,http://www.floristone.com/detail.cfm?dcode=T10-1A&source_id=aff&affiliateid=2026097209,http://www.floristone.com/cart.cfm?dcode=T10-1A&source_id=aff&affiliateid=2026097209,1,1,1,1,0,0,0,0,Centerpieces
Enchanted Journey,T10-2A,79.9500,"Romance that stands all the tests of time is like an enchanted journey. This beautiful arrangement is a wonderful way to celebrate that love. Gorgeous dark pink hydrangea, pink roses and carnations, plus lavender statice are lovingly arranged in an plum-colored cube vase.Vase may vary.",9" h x 9" w,https://cdn.floristone.com/small/T10-2A_t1.jpg,https://cdn.floristone.com/large/T10-2A_d1.jpg,https://cdn.floristone.com/hi-res/T10-2A_h1.jpg,http://www.floristone.com/detail.cfm?dcode=T10-2A&source_id=aff&affiliateid=2026097209,http://www.floristone.com/cart.cfm?dcode=T10-2A&source_id=aff&affiliateid=2026097209,1,1,1,1,1,0,1,0,Centerpieces
A Little Pink Me Up,T10-3A,79.9500,"Youthful. Graceful. Beautiful. These are just a few qualities that come to mind when gazing at a gorgeous bouquet of pink flowers. Whether you want this arrangement to say Happy Anniversary or Happy Any Day, you can be sure the day it arrives will be brighter for anyone lucky enough to receive it. Lovely pink roses and asiatic lilies are joined by hot pink gerberas and miniature carnations, pink full-sized carnations and more in a clear glass ball. Send this one and life will be a bowl of cheer!",14 1/2" h x 13 3/4" w,https://cdn.floristone.com/small/T10-3A_t1.jpg,https://cdn.floristone.com/large/T10-3A_d1.jpg,https://cdn.floristone.com/hi-res/T10-3A_h1.jpg,http://www.floristone.com/detail.cfm?dcode=T10-3A&source_id=aff&affiliateid=2026097209,http://www.floristone.com/cart.cfm?dcode=T10-3A&source_id=aff&affiliateid=2026097209,1,1,1,1,0,0,0,0,Centerpieces
Serene Retreat,T100-3A,94.9500,"A wondrous collection of assorted indoor green plants perfect for a home or office, it's a great gift for any occasion. Container and plants will vary.",15" h x 14 1/2" w,https://cdn.floristone.com/small/T100-3A_t1.jpg,https://cdn.floristone.com/large/T100-3A_d1.jpg,https://cdn.floristone.com/hi-res/T100-3A_h1.jpg,http://www.floristone.com/detail.cfm?dcode=T100-3A&source_id=aff&affiliateid=2026097209,http://www.floristone.com/cart.cfm?dcode=T100-3A&source_id=aff&affiliateid=2026097209,1,1,1,0,1,0,1,1,Plants
Amazing Arboricola,T104-3A,119.9500,"Also known as the umbrella plant due to its lovely arching leafy branches, this is an amazing gift. It can last for years and lend its graceful beauty to any home or office. Standing almost three feet tall in its olive green ceramic planter, this arboricola is a natural. Color and style of container may vary.",34 1/2" h x 27" w,https://cdn.floristone.com/small/T104-3A_t1.jpg,https://cdn.floristone.com/large/T104-3A_d1.jpg,https://cdn.floristone.com/hi-res/T104-3A_h1.jpg,http://www.floristone.com/detail.cfm?dcode=T104-3A&source_id=aff&affiliateid=2026097209,http://www.floristone.com/cart.cfm?dcode=T104-3A&source_id=aff&affiliateid=2026097209,1,0,0,0,0,0,0,1,Plants
Simply Elegant Spathiphyllum ,T105-1A,84.9500,"Also known as the peace lily, this dark leafy plant with its delicate white blossoms makes a simply elegant gift. There's nothing small about the sentiment delivered along with this pretty plant. A brilliant green spathiphyllum is delivered in a natural wicker basket. Long live elegance!",29 1/2" h x 22" w,https://cdn.floristone.com/small/T105-1A_t1.jpg,https://cdn.floristone.com/large/T105-1A_d1.jpg,https://cdn.floristone.com/hi-res/T105-1A_h1.jpg,http://www.floristone.com/detail.cfm?dcode=T105-1A&source_id=aff&affiliateid=2026097209,http://www.floristone.com/cart.cfm?dcode=T105-1A&source_id=aff&affiliateid=2026097209,1,0,0,0,0,0,1,1,Plants
Emerald Garden Basket,T106-1A,84.9500,You don't have to follow the yellow brick road to find this emerald jewel. All kinds of gorgeous greens fill this basket that makes a perfect gift for men or women. Celebration or sympathy. Birthday or any day. So beautiful and bountiful it will deliver any message eloquently. Variety of plants and container style will vary.,17 1/4" h x 17 1/2" w,https://cdn.floristone.com/small/T106-1A_t1.jpg,https://cdn.floristone.com/large/T106-1A_d1.jpg,https://cdn.floristone.com/hi-res/T106-1A_h1.jpg,http://www.floristone.com/detail.cfm?dcode=T106-1A&source_id=aff&affiliateid=2026097209,http://www.floristone.com/cart.cfm?dcode=T106-1A&source_id=aff&affiliateid=2026097209,1,1,1,1,1,0,1,1,Plants
Stately Croton,T106-2A,79.9500,"The croton is dignified and delightful. Its glossy green leaves carry vibrant accents of red and orange, making it the perfect plant for a wide variety of locations. Easy to care for and easy to love, this is one plant that is sure to brighten everyone's day. An impressively graceful croton is delivered in an elegant burgundy footed planter. A grand gesture indeed! Container may vary",33 1/2" h x 32 1/2" w,https://cdn.floristone.com/small/T106-2A_t1.jpg,https://cdn.floristone.com/large/T106-2A_d1.jpg,https://cdn.floristone.com/hi-res/T106-2A_h1.jpg,http://www.floristone.com/detail.cfm?dcode=T106-2A&source_id=aff&affiliateid=2026097209,http://www.floristone.com/cart.cfm?dcode=T106-2A&source_id=aff&affiliateid=2026097209,1,0,0,0,0,0,1,1,Plants
Wondrous Wishes,T11-1A,94.9500,"Awe and wonder. That's what's included in this magical bouquet. It's a beautiful mix of radiant blossoms in a stunning glass vase. Brilliant blue hydrangea, orange roses, light pink asiatic lilies, hot pink gerberas, pink alstroemeria, purple chrysanthemums and more fill a fabulously feminine vase. Send wonder with your lovely wishes! Vase may vary.",17" h x 14 1/2" w,https://cdn.floristone.com/small/T11-1A_t1.jpg,https://cdn.floristone.com/large/T11-1A_d1.jpg,https://cdn.floristone.com/hi-res/T11-1A_h1.jpg,http://www.floristone.com/detail.cfm?dcode=T11-1A&source_id=aff&affiliateid=2026097209,http://www.floristone.com/cart.cfm?dcode=T11-1A&source_id=aff&affiliateid=2026097209,1,1,1,1,1,0,1,0,Vase Arrangements
Be My Love,T128-2A,84.9500,"Add some romance with this rich arrangement of luxurious flowers in classic Valentine's colors. Red roses, white lilies and playful daisies are gathered in a ruby red vase!",17" h x 11" w,https://cdn.floristone.com/small/T128-2A_t1.jpg,https://cdn.floristone.com/large/T128-2A_d1.jpg,https://cdn.floristone.com/hi-res/T128-2A_h1.jpg,http://www.floristone.com/detail.cfm?dcode=T128-2A&source_id=aff&affiliateid=2026097209,http://www.floristone.com/cart.cfm?dcode=T128-2A&source_id=aff&affiliateid=2026097209,1,1,1,1,0,0,0,0,Vase Arrangements
Warm Thoughts Arrangement,T12Z104A,79.9500,"Arrangement with pink carnations, yellow and lavender daisies, and yellow gladioli, along with a pink ribbon, is delivered in a white mache container.",34"h x 24"w,https://cdn.floristone.com/small/T12Z104A_t1.jpg,https://cdn.floristone.com/large/T12Z104A_d1.jpg,,http://www.floristone.com/detail.cfm?dcode=T12Z104A&source_id=aff&affiliateid=2026097209,http://www.floristone.com/cart.cfm?dcode=T12Z104A&source_id=aff&affiliateid=2026097209,0,0,0,0,0,0,0,1,Funeral - Baskets
Silver Elegance Centerpiece,T132-1A,79.9500,"This silvery centerpiece is so elegant it practically speaks for itself. Perfect for a Christmas, New Year's or any other winter gala, its shimmery sophistication will light up the room. Beautiful winter white hydrangea, asiatic lilies, carnations and greens surround three exquisite silver taper candles. It's as graceful as it is grand.",18 1/2" h x 21" w,https://cdn.floristone.com/small/T132-1A_t1.jpg,https://cdn.floristone.com/large/T132-1A_d1.jpg,https://cdn.floristone.com/hi-res/T132-1A_h1.jpg,http://www.floristone.com/detail.cfm?dcode=T132-1A&source_id=aff&affiliateid=2026097209,http://www.floristone.com/cart.cfm?dcode=T132-1A&source_id=aff&affiliateid=2026097209,0,0,0,0,0,0,0,0,Centerpieces
Elegant Evening,T132-2A,79.9500,"When the occasion requires elegance, you need look no further than this fabulous bouquet that's all dressed up in winter whites and silver. Stunning white roses, carnations and chrysanthemums are exquisitely arranged with silver painted salal stems in a silvery, satiny cylinder vase. The evening and the arrangement will be ones to remember!",13" h x 12" w,https://cdn.floristone.com/small/T132-2A_t1.jpg,https://cdn.floristone.com/large/T132-2A_d1.jpg,https://cdn.floristone.com/hi-res/T132-2A_h1.jpg,http://www.floristone.com/detail.cfm?dcode=T132-2A&source_id=aff&affiliateid=2026097209,http://www.floristone.com/cart.cfm?dcode=T132-2A&source_id=aff&affiliateid=2026097209,0,0,0,0,0,0,0,0,One Sided Arrangements
Joyful Jubilee,T14-1A,79.9500,"Sending a jubilation of flowers is a joyful way to brighten any celebration. This particular arrangement is eye-catching, colorful and captivating. Hot pink spray roses and gerberas, dark pink Sweet William, lavender matsumoto and purple monte cassino asters are joined by greens in an exclusive lavender keepsake vase. Tied with a ribbon, it's ready to shine. Vase may vary.",17" h x 14" w,https://cdn.floristone.com/small/T14-1A_t1.jpg,https://cdn.floristone.com/large/T14-1A_d1.jpg,https://cdn.floristone.com/hi-res/T14-1A_h1.jpg,http://www.floristone.com/detail.cfm?dcode=T14-1A&source_id=aff&affiliateid=2026097209,http://www.floristone.com/cart.cfm?dcode=T14-1A&source_id=aff&affiliateid=2026097209,1,1,1,1,1,0,1,0,Vase Arrangements
Lily Sunshine,T140-2A,79.9500,"When it comes to spring flowers, the lily reigns supreme. It's easy to see why in this gorgeous bouquet of bright yellow blooms. A fabulous bouquet of yellow asiatic lilies, salal and seeded eucalyptus are delivered in a divine bunch vase.",20 1/4" h x 16 1/4" w,https://cdn.floristone.com/small/T140-2A_t1.jpg,https://cdn.floristone.com/large/T140-2A_d1.jpg,https://cdn.floristone.com/hi-res/T140-2A_h1.jpg,http://www.floristone.com/detail.cfm?dcode=T140-2A&source_id=aff&affiliateid=2026097209,http://www.floristone.com/cart.cfm?dcode=T140-2A&source_id=aff&affiliateid=2026097209,1,1,0,0,1,1,1,0,Vase Arrangements
Peaches and Dreams,T145-3A,79.9500,"The only thing sweeter than peaches and cream just might be this dreamy bouquet of delicious roses and tulips. Be a peach and send one today! Pretty in peach roses, tulips, miniature carnations and stock along with white waxflower and fresh spring greens are beautifully arranged in a ceramic French country container.",13" h x 12 1/2" w,https://cdn.floristone.com/small/T145-3A_t1.jpg,https://cdn.floristone.com/large/T145-3A_d1.jpg,https://cdn.floristone.com/hi-res/T145-3A_h1.jpg,http://www.floristone.com/detail.cfm?dcode=T145-3A&source_id=aff&affiliateid=2026097209,http://www.floristone.com/cart.cfm?dcode=T145-3A&source_id=aff&affiliateid=2026097209,0,0,0,0,0,0,0,0,Centerpieces
One Fine Day,T147-2A,79.9500,"Oh, what a fine day it will be when you have this delightful spring bouquet delivered to someone special. Everyone will delight in the vibrant colors and bountiful blossoms, all thoughtfully arranged in a beautiful leaf-lined vase. Light yellow roses, hot pink spray roses, tulips and gerberas, yellow carnations, green button spray chrysanthemums and lavender cushion spray chrysanthemums are delivered in an exclusive cube vase. You'll have many fine days when you send this beautiful bouquet!",9 3/4" h X 9 1/4"w,https://cdn.floristone.com/small/T147-2A_t1.jpg,https://cdn.floristone.com/large/T147-2A_d1.jpg,https://cdn.floristone.com/hi-res/T147-2A_h1.jpg,http://www.floristone.com/detail.cfm?dcode=T147-2A&source_id=aff&affiliateid=2026097209,http://www.floristone.com/cart.cfm?dcode=T147-2A&source_id=aff&affiliateid=2026097209,1,1,1,0,0,0,1,0,Vase Arrangements
Fairest of All,T147-3A,79.9500,"You won't need a mirror, mirror on the wall to decide which bouquet is the fairest of all. No doubt this beauty will win that contest! Light orange roses, hot pink roses light pink alstroemeria, ranunculas and matsumoto asters, green button spray chrysanthemums and more are delightfully delivered in a charming ivy handled woven basket. Send one to your fair lady!",14" h x 18" w,https://cdn.floristone.com/small/T147-3A_t1.jpg,https://cdn.floristone.com/large/T147-3A_d1.jpg,https://cdn.floristone.com/hi-res/T147-3A_h1.jpg,http://www.floristone.com/detail.cfm?dcode=T147-3A&source_id=aff&affiliateid=2026097209,http://www.floristone.com/cart.cfm?dcode=T147-3A&source_id=aff&affiliateid=2026097209,1,1,1,1,1,0,1,0,Centerpieces
Here Comes The Sun,T152-1A,104.9500,"Here comes the sun and it's all bright, especially when it comes to this gorgeous bouquet. Anyone who receives this golden arrangement will definitely feel its warmth. As if green roses next to yellow sunflowers and snapdragons weren't brilliant enough, we've added white stock, green button spray chrysanthemums in a  vase.Vase may vary.",25" h x 18" h,https://cdn.floristone.com/small/T152-1A_t1.jpg,https://cdn.floristone.com/large/T152-1A_d1.jpg,https://cdn.floristone.com/hi-res/T152-1A_h1.jpg,http://www.floristone.com/detail.cfm?dcode=T152-1A&source_id=aff&affiliateid=2026097209,http://www.floristone.com/cart.cfm?dcode=T152-1A&source_id=aff&affiliateid=2026097209,1,1,1,1,1,0,1,1,Vase Arrangements
Sunny Sunflowers,T152-2A,79.9500,"Whoever receives this stunning bouquet is sure to be bowled over by its bold beauty! It's big on fun and big on flowers. Orange spray roses, yellow sunflowers, curly willow and salal are arranged in a charming ball vase. Order it now to send a ton of sun.",10" h x 12" w,https://cdn.floristone.com/small/T152-2A_t1.jpg,https://cdn.floristone.com/large/T152-2A_d1.jpg,https://cdn.floristone.com/hi-res/T152-2A_h1.jpg,http://www.floristone.com/detail.cfm?dcode=T152-2A&source_id=aff&affiliateid=2026097209,http://www.floristone.com/cart.cfm?dcode=T152-2A&source_id=aff&affiliateid=2026097209,1,1,1,0,1,0,1,0,Vase Arrangements
Glorious Day,T154-1A,109.9500,"Some people like their lemonade yellow, while others prefer pink. Guess what? This glorious arrangement caters to both! Pretty pink and lemon yellow blossoms are served up gloriously in a vase. Yellow and light pink roses, pink spray roses and fresh greenery are delivered in a stylish vase.",14 1/2" h x 13" w,https://cdn.floristone.com/small/T154-1A_t1.jpg,https://cdn.floristone.com/large/T154-1A_d1.jpg,https://cdn.floristone.com/hi-res/T154-1A_h1.jpg,http://www.floristone.com/detail.cfm?dcode=T154-1A&source_id=aff&affiliateid=2026097209,http://www.floristone.com/cart.cfm?dcode=T154-1A&source_id=aff&affiliateid=2026097209,1,1,1,1,0,0,0,0,Roses
Citrus Kissed,T157-1A,79.9500,"Like freshly squeezed lemonade on a hot sunny day, this bright and cheerful bouquet is a summer sensation. Dark orange, coral and orange roses, light yellow carnations, yellow button spray chrysanthemums and greens fill a slender gathering vase. It's a kiss of summer!",14" h x 11" w,https://cdn.floristone.com/small/T157-1A_t1.jpg,https://cdn.floristone.com/large/T157-1A_d1.jpg,https://cdn.floristone.com/hi-res/T157-1A_h1.jpg,http://www.floristone.com/detail.cfm?dcode=T157-1A&source_id=aff&affiliateid=2026097209,http://www.floristone.com/cart.cfm?dcode=T157-1A&source_id=aff&affiliateid=2026097209,1,1,1,0,1,0,1,0,Vase Arrangements
Sunny Siesta,T157-3A,79.9500,"Know someone who could use a little pick-me-up? Sending this pretty summer arrangement will definitely do the trick. Light orange roses and alstroemeria, yellow asiatic lilies and orange gerberas are delivered in an organza ribbon-wrapped cylinder vase. Siesta or fiesta – it's all good.",10" h x 11 1/2" w,https://cdn.floristone.com/small/T157-3A_t1.jpg,https://cdn.floristone.com/large/T157-3A_d1.jpg,https://cdn.floristone.com/hi-res/T157-3A_h1.jpg,http://www.floristone.com/detail.cfm?dcode=T157-3A&source_id=aff&affiliateid=2026097209,http://www.floristone.com/cart.cfm?dcode=T157-3A&source_id=aff&affiliateid=2026097209,1,1,1,1,0,0,0,0,Vase Arrangements
Summer Chic,T158-1A,79.9500,"Hot times require haute arrangements. Look no further because this vibrant vase full of vivacious flowers has va-voom written all over it. Light orange roses, orange asiatic lilies, hot pink dahlias and carnations are delivered in a dazzling cube vase. Chic? For sure!Color of vase may vary.",11" h x 10 1/2" w,https://cdn.floristone.com/small/T158-1A_t1.jpg,https://cdn.floristone.com/large/T158-1A_d1.jpg,https://cdn.floristone.com/hi-res/T158-1A_h1.jpg,http://www.floristone.com/detail.cfm?dcode=T158-1A&source_id=aff&affiliateid=2026097209,http://www.floristone.com/cart.cfm?dcode=T158-1A&source_id=aff&affiliateid=2026097209,1,1,1,0,1,0,1,0,Vase Arrangements
Sunsplash,T159-1A,79.9500,"Send this summery bouquet and you'll make a splendid splash! Perfect for birthdays, thank yous, barbecues and beyond. This warm-weather charmer will be welcome everywhere! Hot pink roses, orange spray roses, yellow asiatic lilies, hot pink matsumoto asters and green button spray chrysanthemums are delivered in a cube vase. Lots of splash. Not too much cash!",11" h x 11 1/2" w,https://cdn.floristone.com/small/T159-1A_t1.jpg,https://cdn.floristone.com/large/T159-1A_d1.jpg,https://cdn.floristone.com/hi-res/T159-1A_h1.jpg,http://www.floristone.com/detail.cfm?dcode=T159-1A&source_id=aff&affiliateid=2026097209,http://www.floristone.com/cart.cfm?dcode=T159-1A&source_id=aff&affiliateid=2026097209,1,1,1,0,1,0,1,0,Vase Arrangements
Burst of Beauty Basket,T159-3A,94.9500,"A fantastic array of summer's brightest blossoms fill a charming wicker basket that can be used over and over again. It really is bursting with beauty and bounty. Light orange spray roses, hot pink dahlias, carnations and matsumoto asters, green button spray chrysanthemums are delivered in a rectangular basket.",13 1/4" h x 21" w,https://cdn.floristone.com/small/T159-3A_t1.jpg,https://cdn.floristone.com/large/T159-3A_d1.jpg,https://cdn.floristone.com/hi-res/T159-3A_h1.jpg,http://www.floristone.com/detail.cfm?dcode=T159-3A&source_id=aff&affiliateid=2026097209,http://www.floristone.com/cart.cfm?dcode=T159-3A&source_id=aff&affiliateid=2026097209,1,1,1,0,1,0,1,0,Centerpieces
Heart's Delight,T16-1A,79.9500,"If you're looking for a delightful gift that's full of heart, look no further than this beautiful bouquet. A pretty mix of beautiful flowers arranged in a cube vase will express your wishes perfectly. This stunning bouquet includes white alstroemeria, pink carnations and miniature carnations, purple lisianthus, daisy spray chrysanthemums and monte cassino asters, pink matsumoto asters, lavender stock, pink statice and greens delivered in a modern lavender cube vase. It's a heartfelt gift that's sure to delight. Vase may vary.",15" h x 14" w,https://cdn.floristone.com/small/T16-1A_t1.jpg,https://cdn.floristone.com/large/T16-1A_d1.jpg,https://cdn.floristone.com/hi-res/T16-1A_h1.jpg,http://www.floristone.com/detail.cfm?dcode=T16-1A&source_id=aff&affiliateid=2026097209,http://www.floristone.com/cart.cfm?dcode=T16-1A&source_id=aff&affiliateid=2026097209,1,1,1,1,1,0,1,0,Centerpieces
Summer Samba,T160-1A,99.9500,"Just like a lively samba, this bouquet is an uninhibited celebration of summer. If flowers could dance, these would be burning up the dancefloor. Yellow roses, asiatic lilies, orange dahlias and alstroemeria, yellow daisy spray Viking chrysanthemums and oregonia are delightfully arranged in a clear cylinder vase. It will definitely inspire a samba celebration!",15" h x 17" w,https://cdn.floristone.com/small/T160-1A_t1.jpg,https://cdn.floristone.com/large/T160-1A_d1.jpg,https://cdn.floristone.com/hi-res/T160-1A_h1.jpg,http://www.floristone.com/detail.cfm?dcode=T160-1A&source_id=aff&affiliateid=2026097209,http://www.floristone.com/cart.cfm?dcode=T160-1A&source_id=aff&affiliateid=2026097209,1,1,1,0,1,0,1,0,Centerpieces
Seaside Oasis,T161-1A,79.9500,"For those times when we just can't get away, we can at least hope that someone sends us this beautiful seaside oasis. At home or the office, it offers a delightful getaway. Orange bi-color roses, yellow spray roses, orange dahlias, yarrow, solidago, fern and salal arrive in a pretty cylinder vase.",13 1/2" h x 11" w,https://cdn.floristone.com/small/T161-1A_t1.jpg,https://cdn.floristone.com/large/T161-1A_d1.jpg,https://cdn.floristone.com/hi-res/T161-1A_h1.jpg,http://www.floristone.com/detail.cfm?dcode=T161-1A&source_id=aff&affiliateid=2026097209,http://www.floristone.com/cart.cfm?dcode=T161-1A&source_id=aff&affiliateid=2026097209,1,1,1,0,1,0,1,0,Centerpieces
Ocean Devotion,T163-1A,79.9500,"Sending this brilliant blue and white bouquet will surely garner oceans of appreciation from whoever receives it. Dazzling blue hydrangea, green roses and button spray chrysanthemums, divine white dahlias and snapdragons plus huckleberry arrive in a striking cobalt vase.",20" h x 14" w,https://cdn.floristone.com/small/T163-1A_t1.jpg,https://cdn.floristone.com/large/T163-1A_d1.jpg,https://cdn.floristone.com/hi-res/T163-1A_h1.jpg,http://www.floristone.com/detail.cfm?dcode=T163-1A&source_id=aff&affiliateid=2026097209,http://www.floristone.com/cart.cfm?dcode=T163-1A&source_id=aff&affiliateid=2026097209,1,1,1,0,0,1,0,1,Funeral - Table Arrangements
America the Beautiful,T163-2A,79.9500,"This patriotic arrangement is such a stunning way to honor the courage, the character, the people and the places in this country we call home. Red roses and carnations, white asiatic lilies and alstroemeria, blue statice and an American flag fill an exclusive blue glass cube. It's certain to be appreciated from sea to shining sea.",13 1/2" h x 14" w,https://cdn.floristone.com/small/T163-2A_t1.jpg,https://cdn.floristone.com/large/T163-2A_d1.jpg,https://cdn.floristone.com/hi-res/T163-2A_h1.jpg,http://www.floristone.com/detail.cfm?dcode=T163-2A&source_id=aff&affiliateid=2026097209,http://www.floristone.com/cart.cfm?dcode=T163-2A&source_id=aff&affiliateid=2026097209,0,0,0,0,0,0,0,1,Centerpieces
Fall Fantasia,T167-1A,84.9500,"Absolutely exquisite! This bouquet is a fall flower fantasy come true. All the richness of this colorful season is captured in a stylish glass vase. So pretty, you might have to order one for a friend and one for yourself! Beautiful orange and red roses, yellow asiatic lilies, autumn oak leaves and more are beautifully arranged in a vase. Isn't fall fantastic?",20" h x 17" w,https://cdn.floristone.com/small/T167-1A_t1.jpg,https://cdn.floristone.com/large/T167-1A_d1.jpg,https://cdn.floristone.com/hi-res/T167-1A_h1.jpg,http://www.floristone.com/detail.cfm?dcode=T167-1A&source_id=aff&affiliateid=2026097209,http://www.floristone.com/cart.cfm?dcode=T167-1A&source_id=aff&affiliateid=2026097209,1,1,1,0,1,0,0,1,Vase Arrangements
Perfectly Pleasing Pinks,T17-1A,99.9500,"A perfectly pleasing mix of sweet springtime blossoms make this a truly happy gift. So full of feminine flowers and fun feelings, this is the perfect arrangement to make her smile. Dazzling white spray roses, hot pink gerberas and matsumoto asters, pink carnations, lavender cushion mums, light pink stock and much more fill a lavender vase. Vase may vary.",23" h x 20 1/2" w,https://cdn.floristone.com/small/T17-1A_t1.jpg,https://cdn.floristone.com/large/T17-1A_d1.jpg,https://cdn.floristone.com/hi-res/T17-1A_h1.jpg,http://www.floristone.com/detail.cfm?dcode=T17-1A&source_id=aff&affiliateid=2026097209,http://www.floristone.com/cart.cfm?dcode=T17-1A&source_id=aff&affiliateid=2026097209,1,1,1,1,1,0,1,0,Vase Arrangements
Pure Happiness,T171-1A,84.9500,"Pure happiness is what this pretty bouquet delivers – whether you're sending it for a fall birthday, Thanksgiving, thank you, or simply just because. Surely, no one can be in the presence of something so inherently happy and not smile. Sunny sunflowers, red roses and miniature carnations, bronze daisy spray chrysanthemums, large lavender monte cassino asters and autumn greens are beautifully arranged in a clear glass vase.",21 1/2" h x 19 1/2" w,https://cdn.floristone.com/small/T171-1A_t1.jpg,https://cdn.floristone.com/large/T171-1A_d1.jpg,https://cdn.floristone.com/hi-res/T171-1A_h1.jpg,http://www.floristone.com/detail.cfm?dcode=T171-1A&source_id=aff&affiliateid=2026097209,http://www.floristone.com/cart.cfm?dcode=T171-1A&source_id=aff&affiliateid=2026097209,1,1,1,0,1,0,1,0,Centerpieces
It's My Party,T173-1A,79.9500,"The only crying that this plum party arrangement might inspire are tears of joy! So fabulous. So fun. So fall with its jewel-toned modern cube that's chock full of gorgeous red, purple and perfect flowers. Red roses and gerberas, dark red spray roses, lavender chrysanthemums, purple statice and red hypericum are beautifully arranged in a plum cube vase. So get the party started! Color of vase may vary.",12" h x 10 1/2" w,https://cdn.floristone.com/small/T173-1A_t1.jpg,https://cdn.floristone.com/large/T173-1A_d1.jpg,https://cdn.floristone.com/hi-res/T173-1A_h1.jpg,http://www.floristone.com/detail.cfm?dcode=T173-1A&source_id=aff&affiliateid=2026097209,http://www.floristone.com/cart.cfm?dcode=T173-1A&source_id=aff&affiliateid=2026097209,1,1,1,0,1,0,1,0,One Sided Arrangements
Fall in Love,T173-2A,79.9500,"Summer may be the season for weddings, but romance blossoms in the fall. Cooler weather and brilliant colors lend themselves perfectly to falling in love. Dazzling dark red roses, pink asiatic lilies, purple alstroemeria and cushion spray chrysanthemums, hot pink matsumoto asters and more are delightfully arranged in a dramatic burgundy vase that comes complete with a satin ribbon. Color and style of vase may vary.",17 1/2" h x 12 1/2" w,https://cdn.floristone.com/small/T173-2A_t1.jpg,https://cdn.floristone.com/large/T173-2A_d1.jpg,https://cdn.floristone.com/hi-res/T173-2A_h1.jpg,http://www.floristone.com/detail.cfm?dcode=T173-2A&source_id=aff&affiliateid=2026097209,http://www.floristone.com/cart.cfm?dcode=T173-2A&source_id=aff&affiliateid=2026097209,1,1,0,1,0,0,0,0,One Sided Arrangements
Golden Glow,T174-1A,79.9500,"Send this pretty pot of golden fall flowers to someone special today. At this nice price, it's the perfect arrangement for celebrating the season in style! Orange spray roses and miniature gerberas, dark orange alstroemeria, gold cushion spray chrysanthemums, solidago, salal and yellow oak leaves are beautifully arranged in a terra-cotta pot. It's a natural way to glow!",10 1/2" h x 11 1/2" w,https://cdn.floristone.com/small/T174-1A_t1.jpg,https://cdn.floristone.com/large/T174-1A_d1.jpg,https://cdn.floristone.com/hi-res/T174-1A_h1.jpg,http://www.floristone.com/detail.cfm?dcode=T174-1A&source_id=aff&affiliateid=2026097209,http://www.floristone.com/cart.cfm?dcode=T174-1A&source_id=aff&affiliateid=2026097209,1,1,0,0,1,0,1,0,One Sided Arrangements
Golden Days Basket,T174-2A,79.9500,"Here's a golden opportunity to make someone's day. Just send this delightful basket of fresh fall flowers to someone who's on your mind and you can be sure it will lift their spirits! Sunny sunflowers and asiatic lilies, gold and burgundy chrysanthemums, solidaster, brown copper beech and salal are splendidly arranged in a wicker basket.",10 1/2" h x 14 1/4" w,https://cdn.floristone.com/small/T174-2A_t1.jpg,https://cdn.floristone.com/large/T174-2A_d1.jpg,https://cdn.floristone.com/hi-res/T174-2A_h1.jpg,http://www.floristone.com/detail.cfm?dcode=T174-2A&source_id=aff&affiliateid=2026097209,http://www.floristone.com/cart.cfm?dcode=T174-2A&source_id=aff&affiliateid=2026097209,1,1,0,0,1,0,1,1,Funeral - Table Arrangements
Simply Sweet,T18-1A,79.9500,"Sometimes life's simplest pleasures deliver life's most poignant feelings. Take this sweet bouquet. Soft colors, beautiful flowers in a yellow vase that's wrapped in a pretty pink satin bow. Simple? You bet. Special? For sure! Bright yellow roses, pink asiatic lilies and alstroemeria, light yellow miniature carnations, lavender daisy spray chrysanthemums and pink limonium are gorgeously arranged in a pretty yellow vase, complete with a satin bow. Sweeter than sweet!Vase may vary.",16" h x 14" w,https://cdn.floristone.com/small/T18-1A_t1.jpg,https://cdn.floristone.com/large/T18-1A_d1.jpg,https://cdn.floristone.com/hi-res/T18-1A_h1.jpg,http://www.floristone.com/detail.cfm?dcode=T18-1A&source_id=aff&affiliateid=2026097209,http://www.floristone.com/cart.cfm?dcode=T18-1A&source_id=aff&affiliateid=2026097209,1,1,1,1,1,0,1,0,Vase Arrangements
Pink Pink Bouquet,T18-2A,94.9500,Think pink. Think pretty. Think present. This beautifully feminine bouquet makes a wonderful gift for any woman. Light pink asiatic lilies and alstroemeria share the spotlight with pink roses and waxflower. Lovely lavender stock and seeded eucalyptus have been added to complete this bouquet that's delivered in a pink Jewel Vase. A perfectly pink present!,19 3/4" h x 15 1/2" w,https://cdn.floristone.com/small/T18-2A_t1.jpg,https://cdn.floristone.com/large/T18-2A_d1.jpg,https://cdn.floristone.com/hi-res/T18-2A_h1.jpg,http://www.floristone.com/detail.cfm?dcode=T18-2A&source_id=aff&affiliateid=2026097209,http://www.floristone.com/cart.cfm?dcode=T18-2A&source_id=aff&affiliateid=2026097209,1,1,1,1,0,0,1,0,Vase Arrangements
Fancy Flowers,T18-3A,79.9500,"All dressed up and ready to go to any party, this breathtaking bouquet has style to spare. Beautiful contrasting colors and blossoms are so perfectly arranged in a Satin Cylinder vase, the effect is both fanciful and fascinating. Pretty pink hydrangea, brilliant green roses, pink asiatic lilies and alstroemeria, hot pink miniature carnations, green button spray chrysanthemums and more are delivered in a dazzling green Satin Cylinder vase.",15" h x 16 1/2" w,https://cdn.floristone.com/small/T18-3A_t1.jpg,https://cdn.floristone.com/large/T18-3A_d1.jpg,https://cdn.floristone.com/hi-res/T18-3A_h1.jpg,http://www.floristone.com/detail.cfm?dcode=T18-3A&source_id=aff&affiliateid=2026097209,http://www.floristone.com/cart.cfm?dcode=T18-3A&source_id=aff&affiliateid=2026097209,1,1,1,0,1,0,1,0,Centerpieces
Dreams From the Heart Bouquet,T208-1A,104.9500,"A lovely bouquet to soothe and comfort, a variety of white and peach blossoms sends your hope and strength. Beautifully. Beautiful flowers such as white hydrangea, spray roses and stock, peach roses, eucalyptus and more fill a tall glass vase.",24 1/2" h x 24" w,https://cdn.floristone.com/small/T208-1A_t1.jpg,https://cdn.floristone.com/large/T208-1A_d1.jpg,https://cdn.floristone.com/hi-res/T208-1A_h1.jpg,http://www.floristone.com/detail.cfm?dcode=T208-1A&source_id=aff&affiliateid=2026097209,http://www.floristone.com/cart.cfm?dcode=T208-1A&source_id=aff&affiliateid=2026097209,0,0,0,0,0,0,0,1,Funeral - Table Arrangements
Beautiful Dreams,T209-1A,84.9500,"Soothing and respectful. Calm and compassionate. This beautiful collection of white and light colored blossoms will deliver your loving thoughts perfectly. Tasteful flowers such as light blue hydrangea, crème roses, white asiatic lilies, miniature carnations and more are delivered in a lovely white French Country Pot. Conatiner may vary.",12" h x 13" w,https://cdn.floristone.com/small/T209-1A_t1.jpg,https://cdn.floristone.com/large/T209-1A_d1.jpg,https://cdn.floristone.com/hi-res/T209-1A_h1.jpg,http://www.floristone.com/detail.cfm?dcode=T209-1A&source_id=aff&affiliateid=2026097209,http://www.floristone.com/cart.cfm?dcode=T209-1A&source_id=aff&affiliateid=2026097209,0,0,0,0,0,0,0,1,Funeral - Table Arrangements
Celestial Love,T209-2A,84.9500,"Peaceful and pure. This pretty arrangement of white and light colors will let anyone know they are in your thoughts. Fresh flowers such as peach roses, crème spray roses, white stock, waxflower and more are gathered in a beautiful clear vase.",16" h x 16" w,https://cdn.floristone.com/small/T209-2A_t1.jpg,https://cdn.floristone.com/large/T209-2A_d1.jpg,https://cdn.floristone.com/hi-res/T209-2A_h1.jpg,http://www.floristone.com/detail.cfm?dcode=T209-2A&source_id=aff&affiliateid=2026097209,http://www.floristone.com/cart.cfm?dcode=T209-2A&source_id=aff&affiliateid=2026097209,0,0,0,0,0,0,0,1,Funeral - Table Arrangements
Dazzling Day Bouquet,T21-1A,94.9500,"Dazzle someone on their special day with a balloon-festooned bouquet. Delightful blossoms and a shiny birthday balloon are sure to make their day! Pink roses, yellow gerberas and daisy spray chrysanthemums, dark pink alstroemeria, light yellow carnations, light pink matsumoto asters and miniature carnations are a mere sampling of what's included in this dazzling gift. When you add the stylish vase and super happy balloon, this gift will surely rise above all expectations!",19" h x 17" w,https://cdn.floristone.com/small/T21-1A_t1.jpg,https://cdn.floristone.com/large/T21-1A_d1.jpg,https://cdn.floristone.com/hi-res/T21-1A_h1.jpg,http://www.floristone.com/detail.cfm?dcode=T21-1A&source_id=aff&affiliateid=2026097209,http://www.floristone.com/cart.cfm?dcode=T21-1A&source_id=aff&affiliateid=2026097209,1,1,0,0,0,0,0,0,Vase Arrangements
Large Basket Garden,T212-1A,104.9500,This impressive garden of indoor plants will be a warm welcome to any home or office. And you'll get glowing reviews for sending it. Variety of plants and container style will vary.,16" h x 19" w,https://cdn.floristone.com/small/T212-1A_t1.jpg,https://cdn.floristone.com/large/T212-1A_d1.jpg,https://cdn.floristone.com/hi-res/T212-1A_h1.jpg,http://www.floristone.com/detail.cfm?dcode=T212-1A&source_id=aff&affiliateid=2026097209,http://www.floristone.com/cart.cfm?dcode=T212-1A&source_id=aff&affiliateid=2026097209,1,1,0,0,0,0,0,1,Plants
Medium Dish Garden,T212-2A,99.9500,This planter filled with living plants will also carry comfort and compassion for many months to come. Perfect to send to the home or service. Variety of plants and container style will vary.,15" h x 14" w,https://cdn.floristone.com/small/T212-2A_t1.jpg,https://cdn.floristone.com/large/T212-2A_d1.jpg,https://cdn.floristone.com/hi-res/T212-2A_h1.jpg,http://www.floristone.com/detail.cfm?dcode=T212-2A&source_id=aff&affiliateid=2026097209,http://www.floristone.com/cart.cfm?dcode=T212-2A&source_id=aff&affiliateid=2026097209,1,1,0,0,1,0,1,1,Plants
Small Garden Dish,T212-3A,79.9500,A lovely array of cheerful plants is just the right size for a mid-size desk or table. It's also just the right choice for that special someone. Variety of plants and container style will vary.,11" h x 12 1/2" w,https://cdn.floristone.com/small/T212-3A_t1.jpg,https://cdn.floristone.com/large/T212-3A_d1.jpg,https://cdn.floristone.com/hi-res/T212-3A_h1.jpg,http://www.floristone.com/detail.cfm?dcode=T212-3A&source_id=aff&affiliateid=2026097209,http://www.floristone.com/cart.cfm?dcode=T212-3A&source_id=aff&affiliateid=2026097209,1,1,0,0,1,0,1,1,Plants
Sweet Tranquility Basket,T213-2A,89.9500,"A basket full of bright blossoms will deliver the warmth of sunshine even when the skies seem gray. This beautiful gift will be appreciated for its life-affirming brilliance and your thoughtfulness at this time. Brilliant blooms such as orange and yellow roses and spray roses mix with pink matsumoto asters, white daisy spray chrysanthemums, dazzling green button spray chrysanthemums, salal, pittosporum and more in a lovely rectangular basket with a handle.",13 1/2" h x 16" w,https://cdn.floristone.com/small/T213-2A_t1.jpg,https://cdn.floristone.com/large/T213-2A_d1.jpg,https://cdn.floristone.com/hi-res/T213-2A_h1.jpg,http://www.floristone.com/detail.cfm?dcode=T213-2A&source_id=aff&affiliateid=2026097209,http://www.floristone.com/cart.cfm?dcode=T213-2A&source_id=aff&affiliateid=2026097209,1,1,1,0,1,1,1,1,Funeral - Table Arrangements
Loving Lilies and Roses Bouquet,T216-1A,169.9500,"A simply beautiful way to show you care. By sending this elegant arrangement to the home of those in mourning, you are letting them know they are embraced in your thoughts. And in your heart. Fresh flowers such as crème roses, white oriental lilies, carnations, eucalyptus and more are delivered in a lovely Noble Heritage urn.Color and style of container may vary.",25" h x 27" w,https://cdn.floristone.com/small/T216-1A_t1.jpg,https://cdn.floristone.com/large/T216-1A_d1.jpg,https://cdn.floristone.com/hi-res/T216-1A_h1.jpg,http://www.floristone.com/detail.cfm?dcode=T216-1A&source_id=aff&affiliateid=2026097209,http://www.floristone.com/cart.cfm?dcode=T216-1A&source_id=aff&affiliateid=2026097209,0,0,0,0,0,0,0,1,Funeral - Baskets
Stately Lilies,T217-1A,194.9500,"A calming portrait in ivory. Majestic calla lilies and stately white roses are framed by the lush leaves of aspidistra and calathea. Soft green sword fern adds to the soothing tones. Large white calla lilies pair with white roses and lush greens that include soft, airy sword fern and glossy aspidistra.Please note: Arrangement does not include urn.",31" h x 41" w,https://cdn.floristone.com/small/T217-1A_t1.jpg,https://cdn.floristone.com/large/T217-1A_d1.jpg,https://cdn.floristone.com/hi-res/T217-1A_h1.jpg,http://www.floristone.com/detail.cfm?dcode=T217-1A&source_id=aff&affiliateid=2026097209,http://www.floristone.com/cart.cfm?dcode=T217-1A&source_id=aff&affiliateid=2026097209,0,0,0,0,0,0,0,1,Funeral - Table Arrangements
Ever Upward Bouquet,T218-1A,179.9500,"Not at all somber are these abundant blooms of pink, yellow and lavender, gracefully arranged in a container that is equally suitable for a memorial service or one's home. Fresh flowers such as pink roses, lilies, gladioli and larkspur stems artfully mixed with yellow dahlias and purple larkspur.Color and style of container may vary.",45" h x 26" w,https://cdn.floristone.com/small/T218-1A_t1.jpg,https://cdn.floristone.com/large/T218-1A_d1.jpg,https://cdn.floristone.com/hi-res/T218-1A_h1.jpg,http://www.floristone.com/detail.cfm?dcode=T218-1A&source_id=aff&affiliateid=2026097209,http://www.floristone.com/cart.cfm?dcode=T218-1A&source_id=aff&affiliateid=2026097209,0,0,0,0,0,0,0,1,Funeral - Baskets
Love's Tapestry,T218-2A,134.9500,"This generous basket is a gorgeous way to send caring thoughts. And hopes for brighter days ahead. Beautiful flowers such as blue hydrangea, lavender roses, snapdragons and daisy spray chrysanthemums along with yellow asiatic lilies, gerberas, gladioli, snapdragons and brilliant greenery are delivered in a lovely wicker basket.",31" h x 23 1/2" w,https://cdn.floristone.com/small/T218-2A_t1.jpg,https://cdn.floristone.com/large/T218-2A_d1.jpg,https://cdn.floristone.com/hi-res/T218-2A_h1.jpg,http://www.floristone.com/detail.cfm?dcode=T218-2A&source_id=aff&affiliateid=2026097209,http://www.floristone.com/cart.cfm?dcode=T218-2A&source_id=aff&affiliateid=2026097209,0,0,0,0,0,0,0,1,Funeral - Baskets
Vivid Recollections,T218-4A,94.9500,"This glorious basket of beautiful blossoms will send hope and let those you care for know that grief is a path they needn't walk alone. Bright flowers such as yellow asiatic lilies, snapdragons and daisy spray chrysanthemums along with green gladioli, purple alstroemeria and fresh greenery are beautifully delivered in a natural basket.",30" h x 19" w,https://cdn.floristone.com/small/T218-4A_t1.jpg,https://cdn.floristone.com/large/T218-4A_d1.jpg,https://cdn.floristone.com/hi-res/T218-4A_h1.jpg,http://www.floristone.com/detail.cfm?dcode=T218-4A&source_id=aff&affiliateid=2026097209,http://www.floristone.com/cart.cfm?dcode=T218-4A&source_id=aff&affiliateid=2026097209,0,0,0,0,0,0,0,1,Funeral - Baskets
Sunny Memories,T219-1A,139.9500,"Honor a bright spirit who was like a ray of sunshine to everyone they encountered, with a grand display of bold yellow blossoms. At more than three feet tall, it will add a touch of brightness to any tribute. A mix of fresh yellow flowers such as roses, gladioli and chrysanthemums – accented with fern – is delivered in a Noble Heritage urn.",37" h x 26" w,https://cdn.floristone.com/small/T219-1A_t1.jpg,https://cdn.floristone.com/large/T219-1A_d1.jpg,https://cdn.floristone.com/hi-res/T219-1A_h1.jpg,http://www.floristone.com/detail.cfm?dcode=T219-1A&source_id=aff&affiliateid=2026097209,http://www.floristone.com/cart.cfm?dcode=T219-1A&source_id=aff&affiliateid=2026097209,0,0,0,0,0,0,0,1,Funeral - Baskets
Birthday Ribbon Bouquet,T22-3A,79.9500,"It's like a surprise party delivered in a bouquet of birthday blossoms! The surprise is the bright ribbons that line the inside of the acrylic vase – behind an invisible panel. The bouquet, well, that's simply a beautiful way to wish someone the best on their birthday. Yellow roses and asiatic lilies are arranged with red gerberas and miniature carnations, purple matsumoto asters and more in a genius acrylic vase.",14" h x 11 3/4" w,https://cdn.floristone.com/small/T22-3A_t1.jpg,https://cdn.floristone.com/large/T22-3A_d1.jpg,https://cdn.floristone.com/hi-res/T22-3A_h1.jpg,http://www.floristone.com/detail.cfm?dcode=T22-3A&source_id=aff&affiliateid=2026097209,http://www.floristone.com/cart.cfm?dcode=T22-3A&source_id=aff&affiliateid=2026097209,1,1,1,0,0,0,0,0,One Sided Arrangements
Loving Grace,T220-1A,184.9500,"A warm and peaceful bounty of pastel blossoms gently expresses love and respect. A gracefully composed arrangement appropriate for home or service. Fresh flowers such as peach and light pink roses, lavender and purple larkspur, pink asiatic lilies, alstroemeria, gerberas and lisianthus are set in an exclusive Noble Heritage urn.",30" h x 26" w,https://cdn.floristone.com/small/T220-1A_t1.jpg,https://cdn.floristone.com/large/T220-1A_d1.jpg,https://cdn.floristone.com/hi-res/T220-1A_h1.jpg,http://www.floristone.com/detail.cfm?dcode=T220-1A&source_id=aff&affiliateid=2026097209,http://www.floristone.com/cart.cfm?dcode=T220-1A&source_id=aff&affiliateid=2026097209,0,0,0,0,0,0,0,1,Funeral - Baskets
Garden of Memories,T221-1A,134.9500,"A garden of heavenly blooms offers an elegant and timeless tribute, beautifully honoring the spirit of the most precious departed. Lovely fresh flowers such as white asiatic lilies and chrysanthemums, pink roses, hydrangea, and alstroemeria, all delivered in an exclusive Garlands of Grace urn. Color and container may vary.",18 1/4" h x 19" w,https://cdn.floristone.com/small/T221-1A_t1.jpg,https://cdn.floristone.com/large/T221-1A_d1.jpg,https://cdn.floristone.com/hi-res/T221-1A_h1.jpg,http://www.floristone.com/detail.cfm?dcode=T221-1A&source_id=aff&affiliateid=2026097209,http://www.floristone.com/cart.cfm?dcode=T221-1A&source_id=aff&affiliateid=2026097209,0,0,0,0,0,0,0,1,Funeral - Table Arrangements
Rose Remembrance,T221-2A,194.9500,"To create a truly stunning tribute, choose a magnificent, fragrant display of peach roses, spray roses and carnations – accented with greenery, and displayed in a classic Grecian Garden urn. A gracious mark of respect for a life well lived. A mix of fresh peach flowers such as roses, spray roses and carnations – accented with greenery – is delivered in a Grecian Garden urn.",22 1/4" h x 22 3/4" w,https://cdn.floristone.com/small/T221-2A_t1.jpg,https://cdn.floristone.com/large/T221-2A_d1.jpg,https://cdn.floristone.com/hi-res/T221-2A_h1.jpg,http://www.floristone.com/detail.cfm?dcode=T221-2A&source_id=aff&affiliateid=2026097209,http://www.floristone.com/cart.cfm?dcode=T221-2A&source_id=aff&affiliateid=2026097209,0,0,0,0,0,0,0,1,Funeral - Baskets
Heartfelt Memories,T221-3A,94.9500,"A towering display of blooms such as gladioli, carnations and chrysanthemums in royal hues of purple and lavender, presented in a Grecian-style urn, is a gracious representation of your heartfelt sentiments at a funeral, memorial service or wake. A mix of fresh flowers such as gladioli, carnations and cushion spray chrysanthemums, in shades of lavender and purple – accented with ferns – is delivered in a Garlands of Grace urn.",27 1/2" h x 17 1/2" w,https://cdn.floristone.com/small/T221-3A_t1.jpg,https://cdn.floristone.com/large/T221-3A_d1.jpg,https://cdn.floristone.com/hi-res/T221-3A_h1.jpg,http://www.floristone.com/detail.cfm?dcode=T221-3A&source_id=aff&affiliateid=2026097209,http://www.floristone.com/cart.cfm?dcode=T221-3A&source_id=aff&affiliateid=2026097209,0,0,0,0,0,0,0,1,Funeral - Table Arrangements
Heavenly Heights Bouquet,T221-4A,79.9500,"Beautifully feminine. Serene but strong. This pretty basket of pink flowers is a lovely way to show you care. A mix of fresh pink blossoms like gladioli, alstroemeria, carnations and more are lovingly arranged in a white basket.",33" h x 23" w,https://cdn.floristone.com/small/T221-4A_t1.jpg,https://cdn.floristone.com/large/T221-4A_d1.jpg,https://cdn.floristone.com/hi-res/T221-4A_h1.jpg,http://www.floristone.com/detail.cfm?dcode=T221-4A&source_id=aff&affiliateid=2026097209,http://www.floristone.com/cart.cfm?dcode=T221-4A&source_id=aff&affiliateid=2026097209,0,0,0,0,0,0,0,1,Funeral - Baskets
Greatest Love Casket Spray,T223-1A,454.9500,"A loving embrace of rich, regal roses in an all-red spray to adorn the casket. A full spray of crimson roses, alternating large with slightly smaller.",22" h x 62" w,https://cdn.floristone.com/small/T223-1A_t1.jpg,https://cdn.floristone.com/large/T223-1A_d1.jpg,https://cdn.floristone.com/hi-res/T223-1A_h1.jpg,http://www.floristone.com/detail.cfm?dcode=T223-1A&source_id=aff&affiliateid=2026097209,http://www.floristone.com/cart.cfm?dcode=T223-1A&source_id=aff&affiliateid=2026097209,0,0,0,0,0,0,0,1,Funeral - Casket Sprays
Rose Tribute,T224-1A,169.9500,"As true as the love symbolized by a red, red rose are the heartfelt memories and deep feelings embraced with this classic and elegant expression of tribute. Two dozen red roses, accented by salal, are presented in an exclusive Noble Heritage Urn.",26" h x 27" w,https://cdn.floristone.com/small/T224-1A_t1.jpg,https://cdn.floristone.com/large/T224-1A_d1.jpg,https://cdn.floristone.com/hi-res/T224-1A_h1.jpg,http://www.floristone.com/detail.cfm?dcode=T224-1A&source_id=aff&affiliateid=2026097209,http://www.floristone.com/cart.cfm?dcode=T224-1A&source_id=aff&affiliateid=2026097209,0,0,0,0,0,0,0,1,Funeral - Table Arrangements
Blessed Heart,T225-2A,314.9500,"A beautiful heart is a wonderful way to share your thoughts of love. Red roses, spray roses, carnations and miniature carnations are arranged with fern and ivy in the shape of a heart.",24" h x 23" w,https://cdn.floristone.com/small/T225-2A_t1.jpg,https://cdn.floristone.com/large/T225-2A_d1.jpg,https://cdn.floristone.com/hi-res/T225-2A_h1.jpg,http://www.floristone.com/detail.cfm?dcode=T225-2A&source_id=aff&affiliateid=2026097209,http://www.floristone.com/cart.cfm?dcode=T225-2A&source_id=aff&affiliateid=2026097209,0,0,0,0,0,0,0,1,Funeral - Hearts
Lily and Rose Tribute Spray,T226-1A,264.9500,"Pure white lilies and dendrobium orchids mingle with red roses, white asiatic lilies and more in this magnificent and impressive standing spray of the finest blooms. A fitting tribute for a funeral, wake or memorial service. A standing spray of lush flowers such as red roses, white dendrobium orchids and asiatic lilies – accented with greenery – is delivered on an easel.",50" h x 31" w,https://cdn.floristone.com/small/T226-1A_t1.jpg,https://cdn.floristone.com/large/T226-1A_d1.jpg,https://cdn.floristone.com/hi-res/T226-1A_h1.jpg,http://www.floristone.com/detail.cfm?dcode=T226-1A&source_id=aff&affiliateid=2026097209,http://www.floristone.com/cart.cfm?dcode=T226-1A&source_id=aff&affiliateid=2026097209,0,0,0,0,0,0,0,1,Funeral - Sprays
Memories to Treasure,T226-2A,199.9500,"For the sweet spirits who touch our lives, a classic pairing of red and white that is both vibrant and respectful. Beautifully contained in a white urn. A mix of fresh flowers such as red and white roses, oriental lilies, graceful gladioli, carnations and fragrant eucalyptus. Beautifully presented in a white urn.",43" h x 31" w,https://cdn.floristone.com/small/T226-2A_t1.jpg,https://cdn.floristone.com/large/T226-2A_d1.jpg,https://cdn.floristone.com/hi-res/T226-2A_h1.jpg,http://www.floristone.com/detail.cfm?dcode=T226-2A&source_id=aff&affiliateid=2026097209,http://www.floristone.com/cart.cfm?dcode=T226-2A&source_id=aff&affiliateid=2026097209,0,0,0,0,0,0,0,1,Funeral - Baskets
Garden of Grandeur Casket Spray,T226-3A,419.9500,"A traditional tribute that communicates deep love and eternal commitment. This dramatic red and white casket spray is ideal for a full couch or closed casket, mixing dozens of deep red roses with the pure white beauty of gladioli and stock. Red roses, spray roses and carnations along with graceful white gladioli and stock are arranged beautifully with ivy and salal.",25" h x 75" w,https://cdn.floristone.com/small/T226-3A_t1.jpg,https://cdn.floristone.com/large/T226-3A_d1.jpg,https://cdn.floristone.com/hi-res/T226-3A_h1.jpg,http://www.floristone.com/detail.cfm?dcode=T226-3A&source_id=aff&affiliateid=2026097209,http://www.floristone.com/cart.cfm?dcode=T226-3A&source_id=aff&affiliateid=2026097209,0,0,0,0,0,0,0,1,Funeral - Casket Sprays
Tender Tribute,T227-1A,129.9500,"Vivid and touching, vibrant reds and serene whites blend in honor and celebration of a life filled with love, light and grace. Beautiful fresh flowers such as red gladioli and carnations with white asiatic lilies set amidst myrtle, sword fern, and salal in an exclusive Noble Heritage Urn. Container may vary.",34" h x 24" w,https://cdn.floristone.com/small/T227-1A_t1.jpg,https://cdn.floristone.com/large/T227-1A_d1.jpg,https://cdn.floristone.com/hi-res/T227-1A_h1.jpg,http://www.floristone.com/detail.cfm?dcode=T227-1A&source_id=aff&affiliateid=2026097209,http://www.floristone.com/cart.cfm?dcode=T227-1A&source_id=aff&affiliateid=2026097209,0,0,0,0,0,0,0,1,Funeral - Baskets
Purity and Peace Casket Spray,T229-3A,394.9500,"A stunning yet respectful testament in white, this spray for the casket includes roses, orchids, calla lilies and hydrangea accented by soft, trailing greens. White roses, orchids, large calla lilies and perfect stems of hydrangea.",17" h x 47" w,https://cdn.floristone.com/small/T229-3A_t1.jpg,https://cdn.floristone.com/large/T229-3A_d1.jpg,https://cdn.floristone.com/hi-res/T229-3A_h1.jpg,http://www.floristone.com/detail.cfm?dcode=T229-3A&source_id=aff&affiliateid=2026097209,http://www.floristone.com/cart.cfm?dcode=T229-3A&source_id=aff&affiliateid=2026097209,0,0,0,0,0,0,0,1,Funeral - Casket Sprays
Care and Compassion Spray,T230-1A,239.9500,"Your care and compassion will be appreciated by all who lay eyes on this radiant standing spray. A variety of lovely vibrant red blossoms contrasted by vivid green of bells of Ireland will deliver your heartfelt condolences. Perfectly. Dazzling flowers such as red roses, gladioli and carnations along with bells of Ireland and other simple greenery create a spray that is both memorable and magical.",46" h x 23" w,https://cdn.floristone.com/small/T230-1A_t1.jpg,https://cdn.floristone.com/large/T230-1A_d1.jpg,https://cdn.floristone.com/hi-res/T230-1A_h1.jpg,http://www.floristone.com/detail.cfm?dcode=T230-1A&source_id=aff&affiliateid=2026097209,http://www.floristone.com/cart.cfm?dcode=T230-1A&source_id=aff&affiliateid=2026097209,0,0,0,0,0,0,0,1,Funeral - Sprays
Red Rose Sanctuary Casket Spray,T230-3A,314.9500,"A gorgeous mix of dazzling red flowers will make a grand, yet graceful impression. Beautiful red roses, spray roses, gerberas, gladioli and carnations along with vibrant green bells of Ireland create a sincere tribute.",27" h x 40" w,https://cdn.floristone.com/small/T230-3A_t1.jpg,https://cdn.floristone.com/large/T230-3A_d1.jpg,https://cdn.floristone.com/hi-res/T230-3A_h1.jpg,http://www.floristone.com/detail.cfm?dcode=T230-3A&source_id=aff&affiliateid=2026097209,http://www.floristone.com/cart.cfm?dcode=T230-3A&source_id=aff&affiliateid=2026097209,0,0,0,0,0,0,0,1,Funeral - Casket Sprays
Rose Romanesque Bouquet,T231-1A,134.9500,A beautiful gift. A heartfelt gesture. A loving tribute. This absolutely stunning red rose arrangement will deliver your care and compassion beautifully. Brilliant red roses and spray roses along with vibrant fern and ivy are perfectly arranged in an exclusive Jewel vase.Vase may vary,20" h x 19 1/2" w,https://cdn.floristone.com/small/T231-1A_t1.jpg,https://cdn.floristone.com/large/T231-1A_d1.jpg,https://cdn.floristone.com/hi-res/T231-1A_h1.jpg,http://www.floristone.com/detail.cfm?dcode=T231-1A&source_id=aff&affiliateid=2026097209,http://www.floristone.com/cart.cfm?dcode=T231-1A&source_id=aff&affiliateid=2026097209,0,0,0,0,0,0,0,1,Funeral - Table Arrangements
Love's Journey,T232-1A,84.9500,"Your message of caring will be as clear as day when you send this pure white and pretty basket to the bereaved. A variety of beautiful white flowers such as roses, spray roses, alstroemeria, larkspur and more are lovingly arranged in this tribute.",14" h x 18 1/2" w,https://cdn.floristone.com/small/T232-1A_t1.jpg,https://cdn.floristone.com/large/T232-1A_d1.jpg,https://cdn.floristone.com/hi-res/T232-1A_h1.jpg,http://www.floristone.com/detail.cfm?dcode=T232-1A&source_id=aff&affiliateid=2026097209,http://www.floristone.com/cart.cfm?dcode=T232-1A&source_id=aff&affiliateid=2026097209,0,0,0,0,0,0,0,1,Funeral - Baskets
Divine Light,T232-2A,264.9500,"Your message of hope for eternal serenity is delivered ever so elegantly in this graceful cross. Your sincerity will be acknowledged by all who are present. Crème roses, white spray roses, oriental lilies, stock, leptosporum, cushion and button spray chrysanthemums create a cross that is a beautiful way to honor a loved one.",36" h x 22 1/2" w,https://cdn.floristone.com/small/T232-2A_t1.jpg,https://cdn.floristone.com/large/T232-2A_d1.jpg,https://cdn.floristone.com/hi-res/T232-2A_h1.jpg,http://www.floristone.com/detail.cfm?dcode=T232-2A&source_id=aff&affiliateid=2026097209,http://www.floristone.com/cart.cfm?dcode=T232-2A&source_id=aff&affiliateid=2026097209,0,0,0,0,0,0,0,1,Funeral - Crosses
Silken Serenity Casket Spray,T232-3A,344.9500,"Gracious, innocent and elegant. This beautiful half casket spray is a lovely way to pay tribute to someone who will always remain in your heart. Crème roses, white gladioli, stock and carnations are lovingly arranged with graceful ferns and more in this understated yet stunning arrangement.",29" h X 43" w,https://cdn.floristone.com/small/T232-3A_t1.jpg,https://cdn.floristone.com/large/T232-3A_d1.jpg,https://cdn.floristone.com/hi-res/T232-3A_h1.jpg,http://www.floristone.com/detail.cfm?dcode=T232-3A&source_id=aff&affiliateid=2026097209,http://www.floristone.com/cart.cfm?dcode=T232-3A&source_id=aff&affiliateid=2026097209,0,0,0,0,0,0,0,1,Funeral - Casket Sprays
Bountiful Rose Basket,T233-1A,209.9500,"A beautiful, bountiful basket of luminous white roses that feels so fresh, natural, and welcomed in a home or at a service. White and crème roses with fragrant seeded eucalyptus beautifully presented in a large basket.",20 1/2" h x 25" w,https://cdn.floristone.com/small/T233-1A_t1.jpg,https://cdn.floristone.com/large/T233-1A_d1.jpg,https://cdn.floristone.com/hi-res/T233-1A_h1.jpg,http://www.floristone.com/detail.cfm?dcode=T233-1A&source_id=aff&affiliateid=2026097209,http://www.floristone.com/cart.cfm?dcode=T233-1A&source_id=aff&affiliateid=2026097209,0,0,0,0,0,0,0,1,Funeral - Baskets
Touching Tribute Spray,T234-1A,194.9500,"Express admiration for her beauty and spirit with a striking tribute certain to evoke many cherished remembrances. Gorgeous flowers such as pink roses, oriental lilies and gladioli blend with purple stock, lavender carnations and fragrant greens.",56" h x 22" w,https://cdn.floristone.com/small/T234-1A_t1.jpg,https://cdn.floristone.com/large/T234-1A_d1.jpg,https://cdn.floristone.com/hi-res/T234-1A_h1.jpg,http://www.floristone.com/detail.cfm?dcode=T234-1A&source_id=aff&affiliateid=2026097209,http://www.floristone.com/cart.cfm?dcode=T234-1A&source_id=aff&affiliateid=2026097209,0,0,0,0,0,0,0,1,Funeral - Sprays
Gracious Lavender Basket,T235-1A,134.9500,"Soothing lavender, respectful purple and compassionate pinks are combined beautifully in this basket overflowing with pretty flowers, sincerity and sympathy. A lovely way to share your thoughts and pay tribute to someone special. A profusion of purple, pink and lavender blooms such as roses, carnations, larkspur, matsumoto and monte cassino asters and much more are delivered in a round wicker basket.",28" h x 24 1/2" w,https://cdn.floristone.com/small/T235-1A_t1.jpg,https://cdn.floristone.com/large/T235-1A_d1.jpg,https://cdn.floristone.com/hi-res/T235-1A_h1.jpg,http://www.floristone.com/detail.cfm?dcode=T235-1A&source_id=aff&affiliateid=2026097209,http://www.floristone.com/cart.cfm?dcode=T235-1A&source_id=aff&affiliateid=2026097209,0,0,0,0,0,0,0,1,Funeral - Baskets
Lavender Tribute Casket Spray,T235-2A,304.9500,"Like a heartfelt embrace, this beautiful casket spray delivers comfort and love in an extraordinary way. A wonderful array of lavender and pink flowers with just the right amount of greenery is a lovely way to pay tribute to someone who will always be with you in heart, mind and spirit. Lovely lavender and pink roses, snapdragons, alstroemeria, chrysanthemums, fern, eucalyptus and more create this tribute that is overflowing with grace and love.",22" h x 51" w,https://cdn.floristone.com/small/T235-2A_t1.jpg,https://cdn.floristone.com/large/T235-2A_d1.jpg,https://cdn.floristone.com/hi-res/T235-2A_h1.jpg,http://www.floristone.com/detail.cfm?dcode=T235-2A&source_id=aff&affiliateid=2026097209,http://www.floristone.com/cart.cfm?dcode=T235-2A&source_id=aff&affiliateid=2026097209,0,0,0,0,0,0,0,1,Funeral - Casket Sprays
Peace Eternal Wreath,T236-1A,264.9500,"A breathtaking expression of love and devotion, this lovely wreath delivers a message that is both subtle and strong. Its soft pastel blossoms will soothe, while its extraordinary beauty will express the depth of your emotions. Gorgeous pink hydrangea, crème roses, light pink spray roses, white chrysanthemums, waxflower and more are adorned by pink organza ribbon in this eternal circle of peace.",24 1/2" h x 24 1/2" w,https://cdn.floristone.com/small/T236-1A_t1.jpg,https://cdn.floristone.com/large/T236-1A_d1.jpg,https://cdn.floristone.com/hi-res/T236-1A_h1.jpg,http://www.floristone.com/detail.cfm?dcode=T236-1A&source_id=aff&affiliateid=2026097209,http://www.floristone.com/cart.cfm?dcode=T236-1A&source_id=aff&affiliateid=2026097209,0,0,0,0,0,0,0,1,Funeral - Wreaths
Dawn of Remembrance Basket,T236-2A,139.9500,"To offer comfort and consolation, these serene, softly colored roses and chrysanthemums are nestled in a round white basket with handle. Satin ribbon is threaded throughout to complement the soft look. Beautiful blooms such as white and light pink roses with white larkspur, white mums and silvery dusty miller. Arranged in a white handled basket and accented with satin ribbon.",12 1/2" h x 25" w,https://cdn.floristone.com/small/T236-2A_t1.jpg,https://cdn.floristone.com/large/T236-2A_d1.jpg,https://cdn.floristone.com/hi-res/T236-2A_h1.jpg,http://www.floristone.com/detail.cfm?dcode=T236-2A&source_id=aff&affiliateid=2026097209,http://www.floristone.com/cart.cfm?dcode=T236-2A&source_id=aff&affiliateid=2026097209,0,0,0,0,0,0,0,1,Funeral - Table Arrangements
Always Adored Casket Spray,T236-3A,459.9500,"A beautiful spray of soft pink, white and crème blooms ease the burden of loss. Pink hydrangea, larkspur and roses mingle with white roses, stock and waxflower. Ivy, fern and fragrant eucalyptus act as green accents in this spray that rests atop the casket.",28" h x 66" w,https://cdn.floristone.com/small/T236-3A_t1.jpg,https://cdn.floristone.com/large/T236-3A_d1.jpg,https://cdn.floristone.com/hi-res/T236-3A_h1.jpg,http://www.floristone.com/detail.cfm?dcode=T236-3A&source_id=aff&affiliateid=2026097209,http://www.floristone.com/cart.cfm?dcode=T236-3A&source_id=aff&affiliateid=2026097209,0,0,0,0,0,0,0,1,Funeral - Casket Sprays
Beautiful Whisper,T237-1A,159.9500,"A whisper-quiet affirmation of love. Subtle shadings of pink and white roses, lilies and delicate Queen Anne's lace in a simple, elegant vase. Gorgeous flowers such as white, crème and light pink roses, white oriental lilies and delicate Queen Anne's lace with a touch of silvery dusty miller, all in a classic hurricane vase.",15 1/2" h x 15 1/2" w,https://cdn.floristone.com/small/T237-1A_t1.jpg,https://cdn.floristone.com/large/T237-1A_d1.jpg,https://cdn.floristone.com/hi-res/T237-1A_h1.jpg,http://www.floristone.com/detail.cfm?dcode=T237-1A&source_id=aff&affiliateid=2026097209,http://www.floristone.com/cart.cfm?dcode=T237-1A&source_id=aff&affiliateid=2026097209,0,0,0,0,0,0,0,1,Funeral - Table Arrangements
Deepest Faith,T238-1A,264.9500,"Pride, dignity, admiration and faith are on beautiful display in this moving sympathy arrangement. It's a meaningful way to deliver your heartfelt message. Beautiful flowers such as lavender roses, carnations and cushion spray chrysanthemums along with fuchsia and purple carnations and button spray chrysanthemums create a dazzling cross that is full of hope and devotion.",38" h x 23" w,https://cdn.floristone.com/small/T238-1A_t1.jpg,https://cdn.floristone.com/large/T238-1A_d1.jpg,https://cdn.floristone.com/hi-res/T238-1A_h1.jpg,http://www.floristone.com/detail.cfm?dcode=T238-1A&source_id=aff&affiliateid=2026097209,http://www.floristone.com/cart.cfm?dcode=T238-1A&source_id=aff&affiliateid=2026097209,0,0,0,0,0,0,0,1,Funeral - Crosses
Rose Garden Heart,T238-2A,264.9500,"A tender and classic tribute to a precious life. Heartfelt emotions and sympathies find delicate expression here. Lovely flowers such as light pink roses, hydrangea and miniature carnations mix with lavender button spray chrysanthemums.",19" h x 18" w,https://cdn.floristone.com/small/T238-2A_t1.jpg,https://cdn.floristone.com/large/T238-2A_d1.jpg,https://cdn.floristone.com/hi-res/T238-2A_h1.jpg,http://www.floristone.com/detail.cfm?dcode=T238-2A&source_id=aff&affiliateid=2026097209,http://www.floristone.com/cart.cfm?dcode=T238-2A&source_id=aff&affiliateid=2026097209,0,0,0,0,0,0,0,1,Funeral - Hearts
Graceful Wreath,T239-1A,264.9500,"Family and friends will recollect how special their loved one was with this gentle and timeless circle of fragrant blooms to celebrate sweet memories. A mix of flowers such as peach roses, gerberas and carnations, pink asiatic lilies and lisianthus, purple limonium and lavender larkspur nest in greens on an easel-mounted wreath.",22 1/2" h x 22 1/2" w,https://cdn.floristone.com/small/T239-1A_t1.jpg,https://cdn.floristone.com/large/T239-1A_d1.jpg,https://cdn.floristone.com/hi-res/T239-1A_h1.jpg,http://www.floristone.com/detail.cfm?dcode=T239-1A&source_id=aff&affiliateid=2026097209,http://www.floristone.com/cart.cfm?dcode=T239-1A&source_id=aff&affiliateid=2026097209,0,0,0,0,0,0,0,1,Funeral - Wreaths
Infinite Love,T239-2A,264.9500,"This beautiful wreath stands as a testament to the circle of life that must be acknowledged even in our saddest moments. It will surely be appreciated by all in attendance. Dazzling blooms such as pink hydrangea, hot pink roses and carnations, red roses, spray roses and carnations, burgundy dahlias, dark pink Sweet William, lavender daisy and button spray chrysanthemums along with fern and other fresh greens create a beautiful wreath that comes delivered on an easel.",27" h x 27" w,https://cdn.floristone.com/small/T239-2A_t1.jpg,https://cdn.floristone.com/large/T239-2A_d1.jpg,https://cdn.floristone.com/hi-res/T239-2A_h1.jpg,http://www.floristone.com/detail.cfm?dcode=T239-2A&source_id=aff&affiliateid=2026097209,http://www.floristone.com/cart.cfm?dcode=T239-2A&source_id=aff&affiliateid=2026097209,0,0,0,0,0,0,0,1,Funeral - Wreaths
Serenity Wreath,T239-3A,264.9500,"A ring of fragrant, bright white blossoms will create a serene display at any funeral or wake. This classic wreath is delivered on an easel, and is a thoughtful expression of sympathy and admiration. A standing wreath created from fresh white flowers such as roses, Asiatic lilies, carnations and cushion spray chrysanthemums – accented with greenery – is delivered on an easel.",22" h x 22" w,https://cdn.floristone.com/small/T239-3A_t1.jpg,https://cdn.floristone.com/large/T239-3A_d1.jpg,https://cdn.floristone.com/hi-res/T239-3A_h1.jpg,http://www.floristone.com/detail.cfm?dcode=T239-3A&source_id=aff&affiliateid=2026097209,http://www.floristone.com/cart.cfm?dcode=T239-3A&source_id=aff&affiliateid=2026097209,0,0,0,0,0,0,0,1,Funeral - Wreaths
Ringed by Love,T239-4A,264.9500,"The memory of brighter days is always a comfort to those in mourning. This lovely wreath will display your compassion beautifully. A standing wreath of dazzling flowers such as green hydrangea, hot pink spray roses, pink gladioli and carnations along with a mélange of multi-colored daisy spray and cushion spray chrysanthemums and greenery is delivered on an easel.",25" h x 25" w,https://cdn.floristone.com/small/T239-4A_t1.jpg,https://cdn.floristone.com/large/T239-4A_d1.jpg,https://cdn.floristone.com/hi-res/T239-4A_h1.jpg,http://www.floristone.com/detail.cfm?dcode=T239-4A&source_id=aff&affiliateid=2026097209,http://www.floristone.com/cart.cfm?dcode=T239-4A&source_id=aff&affiliateid=2026097209,0,0,0,0,0,0,0,1,Funeral - Wreaths
Fly Away Birthday Bouquet,T24-1A,79.9500,"Make birthday spirits soar by sending this fabulously fun birthday bouquet and balloon. Bright primary colors make it perfect for guys and gals. Years may fly by but that doesn't mean birthday celebrations need to! Brilliant orange roses, yellow alstroemeria, red carnations and miniature carnations, yellow daisy spray chrysanthemums, purple statice and a big bright balloon are all delivered in a beautiful cobalt blue vase. It's a thumbs-way-up choice in birthday gifts! Vase may vary.",19 1/4" h x 16 3/4" w,https://cdn.floristone.com/small/T24-1A_t1.jpg,https://cdn.floristone.com/large/T24-1A_d1.jpg,https://cdn.floristone.com/hi-res/T24-1A_h1.jpg,http://www.floristone.com/detail.cfm?dcode=T24-1A&source_id=aff&affiliateid=2026097209,http://www.floristone.com/cart.cfm?dcode=T24-1A&source_id=aff&affiliateid=2026097209,0,1,0,0,0,0,0,0,Vase Arrangements
With Distinction,T240-1A,169.9500,"A dazzling display of patriotic red, white and blue flowers sends a silent yet poignant statement about hope, freedom and the strength to endure. This proud bouquet is a testament to life that is sure to be appreciated. A beautiful mix of all-American red, white and blue flowers such as hydrangea, roses, miniature carnations, snapdragons, chrysanthemums and more are perfectly arranged in a white urn.",34 1/2" h x 30 1/2" w,https://cdn.floristone.com/small/T240-1A_t1.jpg,https://cdn.floristone.com/large/T240-1A_d1.jpg,https://cdn.floristone.com/hi-res/T240-1A_h1.jpg,http://www.floristone.com/detail.cfm?dcode=T240-1A&source_id=aff&affiliateid=2026097209,http://www.floristone.com/cart.cfm?dcode=T240-1A&source_id=aff&affiliateid=2026097209,0,0,0,0,0,0,0,1,Funeral - Baskets
Sacred Duty Spray,T240-2A,184.9500,"Standing tall, proud and patriotic, this dazzling free-standing spray is like a fireworks display made of graceful flowers. Uniquely beautiful, it's a lovely way to honor a great loss. A gorgeous selection of flowers such as white lilies and snapdragons, blue delphinium, red carnations and miniature carnations, eucalyptus and more create this all-American spray.",42" h x 27" w,https://cdn.floristone.com/small/T240-2A_t1.jpg,https://cdn.floristone.com/large/T240-2A_d1.jpg,https://cdn.floristone.com/hi-res/T240-2A_h1.jpg,http://www.floristone.com/detail.cfm?dcode=T240-2A&source_id=aff&affiliateid=2026097209,http://www.floristone.com/cart.cfm?dcode=T240-2A&source_id=aff&affiliateid=2026097209,0,0,0,0,0,0,0,1,Funeral - Sprays
Distinguished Service Casket Spray,T240-3A,284.9500,"A beautifully patriotic way to pay tribute to a loved one. This half-couch spray sends an eloquent message of strength, respect and freedom. Brilliant flowers such as blue hydrangea, red roses, white oriental lilies and much more create this dignified way to honor the deceased.",24" h x 46 1/2" w,https://cdn.floristone.com/small/T240-3A_t1.jpg,https://cdn.floristone.com/large/T240-3A_d1.jpg,https://cdn.floristone.com/hi-res/T240-3A_h1.jpg,http://www.floristone.com/detail.cfm?dcode=T240-3A&source_id=aff&affiliateid=2026097209,http://www.floristone.com/cart.cfm?dcode=T240-3A&source_id=aff&affiliateid=2026097209,0,0,0,0,0,0,0,1,Funeral - Casket Sprays
Reflections of Glory Wreath,T241-1A,264.9500,"A stunning display of patriotism, strength and sympathy. This red, white and blue wreath delivers a lovely message about the dignity of the deceased. A lovely array of flowers such as blue hydrangea, red roses and spray roses, delicate blue delphinium, red gladioli, white cushion spray chrysanthemums and more create a circle of serene beauty.",24 1/2" h x 24 1/2" w,https://cdn.floristone.com/small/T241-1A_t1.jpg,https://cdn.floristone.com/large/T241-1A_d1.jpg,https://cdn.floristone.com/hi-res/T241-1A_h1.jpg,http://www.floristone.com/detail.cfm?dcode=T241-1A&source_id=aff&affiliateid=2026097209,http://www.floristone.com/cart.cfm?dcode=T241-1A&source_id=aff&affiliateid=2026097209,0,0,0,0,0,0,0,1,Funeral - Wreaths
Graceful Grandeur Casket Spray,T242-1A,274.9500,"Joyous times and golden memories are recalled with this lovely half-couch casket spray that consoles the bereaved with a sunny array of beautiful blooms. A bevy of yellow blossoms such as roses, gladioli, chrysanthemums and more are perfectly arranged in this lovely casket spray.",22" h x 44" w,https://cdn.floristone.com/small/T242-1A_t1.jpg,https://cdn.floristone.com/large/T242-1A_d1.jpg,https://cdn.floristone.com/hi-res/T242-1A_h1.jpg,http://www.floristone.com/detail.cfm?dcode=T242-1A&source_id=aff&affiliateid=2026097209,http://www.floristone.com/cart.cfm?dcode=T242-1A&source_id=aff&affiliateid=2026097209,0,0,0,0,0,0,0,1,Funeral - Casket Sprays
Adoration Casket Spray,T242-2A,264.9500,This classic half-couch spray of brilliant red carnations makes a striking and dignified statement. Radiant red carnations and miniature carnations accented by fresh greenery arrive in a lovely spray.,27" h x 36" w,https://cdn.floristone.com/small/T242-2A_t1.jpg,https://cdn.floristone.com/large/T242-2A_d1.jpg,https://cdn.floristone.com/hi-res/T242-2A_h1.jpg,http://www.floristone.com/detail.cfm?dcode=T242-2A&source_id=aff&affiliateid=2026097209,http://www.floristone.com/cart.cfm?dcode=T242-2A&source_id=aff&affiliateid=2026097209,0,0,0,0,0,0,0,1,Funeral - Casket Sprays
Strength and Wisdom Casket Spray,T242-3A,239.9500,"This beautiful red and white spray will deliver strength and the wisdom to know that there will be brighter days ahead. Dazzling red roses and gerberas, brilliant white chrysanthemums and larkspur are arranged with gentle greens to create a strong yet soothing arrangement.",21" h x 39" w,https://cdn.floristone.com/small/T242-3A_t1.jpg,https://cdn.floristone.com/large/T242-3A_d1.jpg,https://cdn.floristone.com/hi-res/T242-3A_h1.jpg,http://www.floristone.com/detail.cfm?dcode=T242-3A&source_id=aff&affiliateid=2026097209,http://www.floristone.com/cart.cfm?dcode=T242-3A&source_id=aff&affiliateid=2026097209,0,0,0,0,0,0,0,1,Funeral - Casket Sprays
Bountiful Memories Casket Spray,T242-4A,289.9500,"A casket spray made of all white flowers and simple greenery is a simply stunning way to honor the deceased while bringing a quiet strength and serenity to those present. Gorgeous white oriental lilies, gladioli, carnations and more create a beautiful crescent shaped casket spray.",27" h x 49" w,https://cdn.floristone.com/small/T242-4A_t1.jpg,https://cdn.floristone.com/large/T242-4A_d1.jpg,https://cdn.floristone.com/hi-res/T242-4A_h1.jpg,http://www.floristone.com/detail.cfm?dcode=T242-4A&source_id=aff&affiliateid=2026097209,http://www.floristone.com/cart.cfm?dcode=T242-4A&source_id=aff&affiliateid=2026097209,0,0,0,0,0,0,0,1,Funeral - Casket Sprays
Golden Garden Casket Spray,T243-1A,394.9500,"In our darkest hours, a radiant display of sunshine is sure to warm hearts, especially when the sunshine is delivered in such a beautiful way. This spray offers an abundance of brilliant yellow blossoms. Sunny yellow roses, spray roses, carnations, chrysanthemums, snapdragons and more are arranged in a dazzling full casket spray.",16" h x 64" w,https://cdn.floristone.com/small/T243-1A_t1.jpg,https://cdn.floristone.com/large/T243-1A_d1.jpg,https://cdn.floristone.com/hi-res/T243-1A_h1.jpg,http://www.floristone.com/detail.cfm?dcode=T243-1A&source_id=aff&affiliateid=2026097209,http://www.floristone.com/cart.cfm?dcode=T243-1A&source_id=aff&affiliateid=2026097209,0,0,0,0,0,0,0,1,Funeral - Casket Sprays
Sentimental Dreams,T244-1A,124.9500,"Because you will remember the loved one with every sunrise and every sunset. Because someone special made your life brighter. For these reasons and more, this brilliant arrangement will be much appreciated. A lovely assortment of flowers such as fiery orange roses, gerberas and gladioli, ti leaves, magnolia leaves and more are beautifully arranged in an exclusive Noble Heritage urn.Color and style of container may vary.",38" h x 20" w,https://cdn.floristone.com/small/T244-1A_t1.jpg,https://cdn.floristone.com/large/T244-1A_d1.jpg,https://cdn.floristone.com/hi-res/T244-1A_h1.jpg,http://www.floristone.com/detail.cfm?dcode=T244-1A&source_id=aff&affiliateid=2026097209,http://www.floristone.com/cart.cfm?dcode=T244-1A&source_id=aff&affiliateid=2026097209,0,0,0,0,0,0,0,1,Funeral - Table Arrangements
Ocean Breeze Spray,T246-2A,184.9500,"Express deep condolences and strong hopes for the future with an elegant tribute that conveys admiration, affection and respect. Lovely flowers such as white asiatic lilies and roses blend with blue delphinium and hydrangea, set amidst ferns.",39" h x 21" w,https://cdn.floristone.com/small/T246-2A_t1.jpg,https://cdn.floristone.com/large/T246-2A_d1.jpg,https://cdn.floristone.com/hi-res/T246-2A_h1.jpg,http://www.floristone.com/detail.cfm?dcode=T246-2A&source_id=aff&affiliateid=2026097209,http://www.floristone.com/cart.cfm?dcode=T246-2A&source_id=aff&affiliateid=2026097209,0,0,0,0,0,0,0,1,Funeral - Sprays
Rays of Light Spray,T246-4A,189.9500,"This stunning spray is a beautiful and touching display of your sympathy and devotion. A lovely composition of flowers such as green roses, gladioli and button spray chrysanthemums, pink spray roses and carnations, light pink oriental lilies and snapdragons are arranged with a mix of beautiful greenery in a standing spray of flowers that's delivered on an easel.",46" h x 29" w,https://cdn.floristone.com/small/T246-4A_t1.jpg,https://cdn.floristone.com/large/T246-4A_d1.jpg,https://cdn.floristone.com/hi-res/T246-4A_h1.jpg,http://www.floristone.com/detail.cfm?dcode=T246-4A&source_id=aff&affiliateid=2026097209,http://www.floristone.com/cart.cfm?dcode=T246-4A&source_id=aff&affiliateid=2026097209,0,0,0,0,0,0,0,1,Funeral - Sprays
Heavenly Sentiments Spray,T247-2A,209.9500,"Fresh roses and opulent blooms such as orchids and gladioli – in celestial colors of green, purple and lavender – create a fine and appropriate floral standing spray. Send this gift as a representation of your thoughtfulness and devotion. A standing spray created from fresh flowers such as gladioli, roses, dendrobium orchids and hydrangea – in shades of green, purple and lavender – is delivered on an easel.",35" h x 24" w,https://cdn.floristone.com/small/T247-2A_t1.jpg,https://cdn.floristone.com/large/T247-2A_d1.jpg,https://cdn.floristone.com/hi-res/T247-2A_h1.jpg,http://www.floristone.com/detail.cfm?dcode=T247-2A&source_id=aff&affiliateid=2026097209,http://www.floristone.com/cart.cfm?dcode=T247-2A&source_id=aff&affiliateid=2026097209,0,0,0,0,0,0,0,1,Funeral - Sprays
Heavenly Grace Spray,T248-1A,189.9500,"A sublime garden of rich yet subtle hues is a touching tribute to a lifetime of memories and special moments as varied and dear as this palette of blooms. A lovely assortment of flowers such as pink roses, larkspur, asiatic lilies, gerberas and sinuata statice, with peach roses and carnations, purple stock and limonium, and bells of Ireland on a classic easel.",30" h x 23" w,https://cdn.floristone.com/small/T248-1A_t1.jpg,https://cdn.floristone.com/large/T248-1A_d1.jpg,https://cdn.floristone.com/hi-res/T248-1A_h1.jpg,http://www.floristone.com/detail.cfm?dcode=T248-1A&source_id=aff&affiliateid=2026097209,http://www.floristone.com/cart.cfm?dcode=T248-1A&source_id=aff&affiliateid=2026097209,0,0,0,0,0,0,0,1,Funeral - Sprays
Finest Farewell Spray,T248-2A,209.9500,"Utterly feminine, this spray is an extraordinarily beautiful way to bid farewell to someone who will remain forever in your heart. A bevy of lovely lavender flowers will soothe souls and deliver strength and hope to those in mourning. Beautiful flowers such as lavender, purple and pink blossoms including roses, larkspur, alstroemeria and more are beautifully arranged. A pretty pink organza ribbon completes this fine farewell.",50" h x 22" w,https://cdn.floristone.com/small/T248-2A_t1.jpg,https://cdn.floristone.com/large/T248-2A_d1.jpg,https://cdn.floristone.com/hi-res/T248-2A_h1.jpg,http://www.floristone.com/detail.cfm?dcode=T248-2A&source_id=aff&affiliateid=2026097209,http://www.floristone.com/cart.cfm?dcode=T248-2A&source_id=aff&affiliateid=2026097209,0,0,0,0,0,0,0,1,Funeral - Sprays
Sweet Solace Spray,T249-1A,169.9500,"Rejoice with this softly dramatic cascade of pink and yellow blooms – lilies, gladioli and chrysanthemums – that has hints of eucalyptus and variegated greens. Stems of flowers such as pink lilies, gladioli and carnations with yellow snapdragons, and daisy spray mums, accented by variegated greens and eucalyptus.",43" h x 38" w,https://cdn.floristone.com/small/T249-1A_t1.jpg,https://cdn.floristone.com/large/T249-1A_d1.jpg,https://cdn.floristone.com/hi-res/T249-1A_h1.jpg,http://www.floristone.com/detail.cfm?dcode=T249-1A&source_id=aff&affiliateid=2026097209,http://www.floristone.com/cart.cfm?dcode=T249-1A&source_id=aff&affiliateid=2026097209,0,0,0,0,0,0,0,1,Funeral - Sprays
Pink Tribute Spray,T249-2A,149.9500,"With a bounty of lovely pink flowers and simple greens, this pretty spray lets you express your sympathy beautifully. Splendid pink, hot pink and light pink flowers such as alstroemeria, gladioli, carnations, asters and more create a display that is warm and loving.",31 1/2" h x 22" w,https://cdn.floristone.com/small/T249-2A_t1.jpg,https://cdn.floristone.com/large/T249-2A_d1.jpg,https://cdn.floristone.com/hi-res/T249-2A_h1.jpg,http://www.floristone.com/detail.cfm?dcode=T249-2A&source_id=aff&affiliateid=2026097209,http://www.floristone.com/cart.cfm?dcode=T249-2A&source_id=aff&affiliateid=2026097209,0,0,0,0,0,0,0,1,Funeral - Sprays
Bright and Beautiful Spray,T249-3A,184.9500,"Reflecting the many colors of life, a rich spectrum of blooms evokes the range of emotions experienced in remembering a cherished loved one. A lovely assortment of flowers such as lavender gladioli and cushion spray chrysanthemums, yellow snapdragons, carnations and daisy spray chrysanthemums, hot pink roses, purple hydrangea, asters and assorted greens are all presented on an easel.",55" h x 29" w,https://cdn.floristone.com/small/T249-3A_t1.jpg,https://cdn.floristone.com/large/T249-3A_d1.jpg,https://cdn.floristone.com/hi-res/T249-3A_h1.jpg,http://www.floristone.com/detail.cfm?dcode=T249-3A&source_id=aff&affiliateid=2026097209,http://www.floristone.com/cart.cfm?dcode=T249-3A&source_id=aff&affiliateid=2026097209,0,0,0,0,0,0,0,1,Funeral - Sprays
Sacred Garden Spray,T249-4A,239.9500,"A lovely lavender spray of flowers lets you share your compassion, hope and beauty with all. Beautifully simple. Beautifully serene. It's the perfect way to send your sincere sympathy. Lavender, purple and white flowers like hydrangea, orchids, roses, oriental lilies and more create a beautiful spray. A wonderful tribute.",51" h x 26" w,https://cdn.floristone.com/small/T249-4A_t1.jpg,https://cdn.floristone.com/large/T249-4A_d1.jpg,https://cdn.floristone.com/hi-res/T249-4A_h1.jpg,http://www.floristone.com/detail.cfm?dcode=T249-4A&source_id=aff&affiliateid=2026097209,http://www.floristone.com/cart.cfm?dcode=T249-4A&source_id=aff&affiliateid=2026097209,0,0,0,0,0,0,0,1,Funeral - Sprays
Meadows of Memories,T250-1A,199.9500,"A subdued assortment of flowers such as lavender larkspur, roses and asters are grouped beautifully with the rich greens of cymbidium orchids, chrysanthemums, English boxwood and sword fern.Please note: Arrangement does not include urn.",23" W x 20" H,https://cdn.floristone.com/small/T250-1A_t1.jpg,https://cdn.floristone.com/large/T250-1A_d1.jpg,https://cdn.floristone.com/hi-res/T250-1A_h1.jpg,http://www.floristone.com/detail.cfm?dcode=T250-1A&source_id=aff&affiliateid=2026097209,http://www.floristone.com/cart.cfm?dcode=T250-1A&source_id=aff&affiliateid=2026097209,0,0,0,0,0,0,0,1,Funeral
Joyful Memory,T251-1A,119.9500,"Lavender and white sympathy flowers make a grand statement in this joyful bouquet. Cherish your memories with this lasting remembrance of lavender larkspur and roses, deep purple asters, pure white gladioli and the softest pink heather. A classic assortment of flowers such as lavender larkspur, stock and roses, plus purple asters, white gladioli and pink heather.",32" h x 20" w,https://cdn.floristone.com/small/T251-1A_t1.jpg,https://cdn.floristone.com/large/T251-1A_d1.jpg,https://cdn.floristone.com/hi-res/T251-1A_h1.jpg,http://www.floristone.com/detail.cfm?dcode=T251-1A&source_id=aff&affiliateid=2026097209,http://www.floristone.com/cart.cfm?dcode=T251-1A&source_id=aff&affiliateid=2026097209,0,0,0,0,0,0,0,1,Funeral - Table Arrangements
Rainbow Reflections Basket,T252-1A,104.9500,"Soft and soothing. This basket is overflowing with pastel flowers and your sincere message of hope to those in mourning. Beautiful flowers such as pink carnations and alstroemeria, lavender button and daisy spray chrysanthemums along with white cushion spray chrysanthemums and more fill a lovely round wicker basket.",21" h  x 25" w,https://cdn.floristone.com/small/T252-1A_t1.jpg,https://cdn.floristone.com/large/T252-1A_d1.jpg,https://cdn.floristone.com/hi-res/T252-1A_h1.jpg,http://www.floristone.com/detail.cfm?dcode=T252-1A&source_id=aff&affiliateid=2026097209,http://www.floristone.com/cart.cfm?dcode=T252-1A&source_id=aff&affiliateid=2026097209,0,0,0,0,0,0,0,1,Funeral - Baskets
Bed of Pink Roses,T253-2A,224.9500,An awesome display of pink roses are lovingly arranged with ivy and other gentle greens to display the urn.Please note: Arrangement does not include urn.,33 W x 20 H,https://cdn.floristone.com/small/T253-2A_t1.jpg,https://cdn.floristone.com/large/T253-2A_d1.jpg,https://cdn.floristone.com/hi-res/T253-2A_h1.jpg,http://www.floristone.com/detail.cfm?dcode=T253-2A&source_id=aff&affiliateid=2026097209,http://www.floristone.com/cart.cfm?dcode=T253-2A&source_id=aff&affiliateid=2026097209,0,0,0,0,0,0,0,1,Funeral
Your Light Shines,T253-3A,119.9500,"This softly elegant gesture of condolence and affection honoring the memory of a life well lived is a gentle touch during a difficult time. Lavender and pink flowers such as roses, hydrangea, monte cassino asters, eucalyptus and salal are arranged in a clear glass hurricane vase.",17" h x 15 1/2" w,https://cdn.floristone.com/small/T253-3A_t1.jpg,https://cdn.floristone.com/large/T253-3A_d1.jpg,https://cdn.floristone.com/hi-res/T253-3A_h1.jpg,http://www.floristone.com/detail.cfm?dcode=T253-3A&source_id=aff&affiliateid=2026097209,http://www.floristone.com/cart.cfm?dcode=T253-3A&source_id=aff&affiliateid=2026097209,1,1,1,1,0,1,0,1,Funeral - Table Arrangements
Sunset Wreath,T254-1A,209.9500,"Orange roses blend with other beautiful flowers such as stems of cymbidium orchids, gladioli, chrysanthemums, hypericum and other delicate greens.Please note: Arrangement does not include urn.",26" W x 16 H,https://cdn.floristone.com/small/T254-1A_t1.jpg,https://cdn.floristone.com/large/T254-1A_d1.jpg,https://cdn.floristone.com/hi-res/T254-1A_h1.jpg,http://www.floristone.com/detail.cfm?dcode=T254-1A&source_id=aff&affiliateid=2026097209,http://www.floristone.com/cart.cfm?dcode=T254-1A&source_id=aff&affiliateid=2026097209,0,0,0,0,0,0,0,1,Funeral
Garden Wreath,T255-1A,169.9500,"This luxurious wreath includes flowers such as carnations, chrysanthemums, silky green cymbidium orchid blossoms and variegated greenery. Please note: Arrangement does not include picture frame.",20" W x 15" H,https://cdn.floristone.com/small/T255-1A_t1.jpg,https://cdn.floristone.com/large/T255-1A_d1.jpg,https://cdn.floristone.com/hi-res/T255-1A_h1.jpg,http://www.floristone.com/detail.cfm?dcode=T255-1A&source_id=aff&affiliateid=2026097209,http://www.floristone.com/cart.cfm?dcode=T255-1A&source_id=aff&affiliateid=2026097209,0,0,0,0,0,0,0,1,Funeral
Richly Remembered,T255-2A,264.9500,"If you are lucky enough to have a treasured photograph, or other memento of someone dear, this is such a lovely way of sharing your memories with others. Pretty blossoms and greenery create a beautiful framework for your tribute. Stunning flowers such as hydrangea, dazzling green cymbidium orchids, roses, gladioli, bells of Ireland and more make this an incredible display of respect.",22" h x 22" w,https://cdn.floristone.com/small/T255-2A_t1.jpg,https://cdn.floristone.com/large/T255-2A_d1.jpg,https://cdn.floristone.com/hi-res/T255-2A_h1.jpg,http://www.floristone.com/detail.cfm?dcode=T255-2A&source_id=aff&affiliateid=2026097209,http://www.floristone.com/cart.cfm?dcode=T255-2A&source_id=aff&affiliateid=2026097209,0,0,0,0,0,0,0,1,Funeral - Wreaths
Say It With Sunshine,T26-1A,79.9500,"Say it with sweetness. Say it with flowers. Say it with sunshine. A bouquet this brilliant can deliver almost any sentiment – birthday, congratulations, thinking of you... you name it. When you want to say something beautifully, this bouquet beckons. Dazzling yellow roses, spray roses, asiatic lilies and daisy spray chrysanthemums, along with green button spray chrysanthemums and more fill a green Satin Cylinder vase. Say it, seal it, and send it with sunshine!Container and/ or color of container may vary.",15" h x 13 1/2" w,https://cdn.floristone.com/small/T26-1A_t1.jpg,https://cdn.floristone.com/large/T26-1A_d1.jpg,https://cdn.floristone.com/hi-res/T26-1A_h1.jpg,http://www.floristone.com/detail.cfm?dcode=T26-1A&source_id=aff&affiliateid=2026097209,http://www.floristone.com/cart.cfm?dcode=T26-1A&source_id=aff&affiliateid=2026097209,1,1,1,1,1,0,1,0,Centerpieces
Oh Happy Day,T27-1A,79.9500,"Oh, what a happy day it will be for whoever is lucky enough to have this vase full of joyful and jubilant blossoms delivered to them. Perfect for Happy Birthday or Happy Any Day, this pretty arrangement is sure to inspire smiles! Carnations and button spray chrysanthemums, yellow asiatic lilies and gladioli along with fresh greens fill a rectangular glass vase. Come on! Say it and send it like you mean it… Oh Happy Day!",10" h x 12" w,https://cdn.floristone.com/small/T27-1A_t1.jpg,https://cdn.floristone.com/large/T27-1A_d1.jpg,https://cdn.floristone.com/hi-res/T27-1A_h1.jpg,http://www.floristone.com/detail.cfm?dcode=T27-1A&source_id=aff&affiliateid=2026097209,http://www.floristone.com/cart.cfm?dcode=T27-1A&source_id=aff&affiliateid=2026097209,1,1,1,1,1,1,1,0,Centerpieces
Basket Full of Wishes,T27-2A,84.9500,"Wishes do come true, by the basketful, actually. This delightful arrangement is so full of sunny blossoms, it even includes a pretty yellow butterfly who obviously feels right at home, basking in the warmth. Brilliant yellow spray roses, asiatic lilies, miniature gerberas, carnations, alstroemeria, button spray chrysanthemums and delightful greenery are joined by a delicate butterfly in an oval basket. It's a basket of wonder and wishes!",11" h x 12" w,https://cdn.floristone.com/small/T27-2A_t1.jpg,https://cdn.floristone.com/large/T27-2A_d1.jpg,https://cdn.floristone.com/hi-res/T27-2A_h1.jpg,http://www.floristone.com/detail.cfm?dcode=T27-2A&source_id=aff&affiliateid=2026097209,http://www.floristone.com/cart.cfm?dcode=T27-2A&source_id=aff&affiliateid=2026097209,1,1,1,1,1,1,1,0,Centerpieces
Shades Of Faith,T273-7A,149.9500,"Pink stargazer lilies, lavender roses and yellow snapdragons are arranged with peach gerberas, hot pink carnations, lavender stock, bells of Ireland, purple larkspur, spiral eucalyptus and lemon leaf. Arrangement does not include urn.",29" W x 25" H,https://cdn.floristone.com/small/T273-7A_t1.jpg,https://cdn.floristone.com/large/T273-7A_d1.jpg,https://cdn.floristone.com/hi-res/T273-7A_h1.jpg,http://www.floristone.com/detail.cfm?dcode=T273-7A&source_id=aff&affiliateid=2026097209,http://www.floristone.com/cart.cfm?dcode=T273-7A&source_id=aff&affiliateid=2026097209,0,0,0,0,0,0,0,1,Funeral
Forever In Our Hearts Cremation Tribute,T280-1A,209.9500,"Red roses are arranged with myrtle, green ivy, sword fern, silver dollar eucalyptus, and lemon leaf. Arrangement does not include urn.",32 W x 25 H,https://cdn.floristone.com/small/T280-1A_t1.jpg,https://cdn.floristone.com/large/T280-1A_d1.jpg,https://cdn.floristone.com/hi-res/T280-1A_h1.jpg,http://www.floristone.com/detail.cfm?dcode=T280-1A&source_id=aff&affiliateid=2026097209,http://www.floristone.com/cart.cfm?dcode=T280-1A&source_id=aff&affiliateid=2026097209,0,0,0,0,0,0,0,1,Funeral
With All Our Hearts Cremation Tribute,T282-4A,184.9500,"This colorful arrangement includes green hydrangea, yellow roses, hot pink spray roses, orange asiatic lilies, yellow sunflowers, bells of Ireland, blue delphinium, orange snapdragons, purple stock, curly willow, cedar stem, sword fern, aralia leaf, and lemon leaf. Arrangement does not include urn.",33" W x 27" H,https://cdn.floristone.com/small/T282-4A_t1.jpg,https://cdn.floristone.com/large/T282-4A_d1.jpg,https://cdn.floristone.com/hi-res/T282-4A_h1.jpg,http://www.floristone.com/detail.cfm?dcode=T282-4A&source_id=aff&affiliateid=2026097209,http://www.floristone.com/cart.cfm?dcode=T282-4A&source_id=aff&affiliateid=2026097209,0,0,0,0,0,0,0,1,Funeral
Here's to You,T29-1A,79.9500,"Whether you are raising a vase to celebrate a birthday, a new job or any other occasion, here's the one to send. So bright, so beautiful, so colorful – men and women alike will appreciate your thoughtfulness. Brilliant blue hydrangea, yellow roses, red gerberas and miniature carnations, yellow button spray chrysanthemums are delivered in a vase. Here's to celebrating!Style of vase may vary.",19 1/2" h x 16 1/2" w,https://cdn.floristone.com/small/T29-1A_t1.jpg,https://cdn.floristone.com/large/T29-1A_d1.jpg,https://cdn.floristone.com/hi-res/T29-1A_h1.jpg,http://www.floristone.com/detail.cfm?dcode=T29-1A&source_id=aff&affiliateid=2026097209,http://www.floristone.com/cart.cfm?dcode=T29-1A&source_id=aff&affiliateid=2026097209,1,1,1,1,1,0,1,0,Vase Arrangements
Amazing Daisy,T32-1A,79.9500,"Celebrate the brightest of occasions with this cheerful bouquet of happy-faced daisies presented in a graceful, vase. Yellow roses and spray roses, white daisy spray chrysanthemums, solidago and pittosporum fill a lovely Inspiration vase. Amazingly pretty!",14" h x 11" w,https://cdn.floristone.com/small/T32-1A_t1.jpg,https://cdn.floristone.com/large/T32-1A_d1.jpg,https://cdn.floristone.com/hi-res/T32-1A_h1.jpg,http://www.floristone.com/detail.cfm?dcode=T32-1A&source_id=aff&affiliateid=2026097209,http://www.floristone.com/cart.cfm?dcode=T32-1A&source_id=aff&affiliateid=2026097209,1,1,1,1,1,1,0,0,Vase Arrangements
Once Upon a Daisy,T34-1A,79.9500,"This bright and sunny bouquet is as sweet as a fairy tale ending. Perfect for baby showers, birthdays and beyond. Beautiful light blue hydrangea, cheerful yellow gerberas and white daisy spray chrysanthemums are delivered in a light blue Satin Cylinder that comes complete with a pretty light blue ribbon. Blue skies ahead!",14" h x 13 1/2" w,https://cdn.floristone.com/small/T34-1A_t1.jpg,https://cdn.floristone.com/large/T34-1A_d1.jpg,https://cdn.floristone.com/hi-res/T34-1A_h1.jpg,http://www.floristone.com/detail.cfm?dcode=T34-1A&source_id=aff&affiliateid=2026097209,http://www.floristone.com/cart.cfm?dcode=T34-1A&source_id=aff&affiliateid=2026097209,1,1,1,0,1,1,1,0,Centerpieces
Lovely Lady,T36-1A,79.9500,"Isn't she lovely? Isn't she wonderful? Perfect for celebrating new baby girls and new moms, this pretty arrangement has feminine charm to spare! Lovely light pink roses, miniature gerberas and miniature carnations along with pink gerberas, seeded eucalyptus and pretty pink ribbon are all beautifully arranged in a pink Satin Cylinder vase. A lovely way to celebrate! Vase may vary.",13 3/4" h x 14" w,https://cdn.floristone.com/small/T36-1A_t1.jpg,https://cdn.floristone.com/large/T36-1A_d1.jpg,https://cdn.floristone.com/hi-res/T36-1A_h1.jpg,http://www.floristone.com/detail.cfm?dcode=T36-1A&source_id=aff&affiliateid=2026097209,http://www.floristone.com/cart.cfm?dcode=T36-1A&source_id=aff&affiliateid=2026097209,1,1,1,1,1,1,1,0,One Sided Arrangements
Cotton Candy,T37-1A,84.9500,"What a sweet way to celebrate the arrival of sugar and spice and everything nice! This pretty arrangement will delight any new mom or mom-to-be, that's for sure! Feminine flowers fill a charming ribbon-wrapped vase. It's a beautiful thing! Pretty pink roses, spray roses and miniature carnations, white button spray chrysanthemums, lavender limonium and green pittosporum fill a spring glass vase that's wrapped with a pink satin ribbon. It's confection perfection!",13" h x 11" w,https://cdn.floristone.com/small/T37-1A_t1.jpg,https://cdn.floristone.com/large/T37-1A_d1.jpg,https://cdn.floristone.com/hi-res/T37-1A_h1.jpg,http://www.floristone.com/detail.cfm?dcode=T37-1A&source_id=aff&affiliateid=2026097209,http://www.floristone.com/cart.cfm?dcode=T37-1A&source_id=aff&affiliateid=2026097209,1,1,1,1,1,1,1,0,Vase Arrangements
She's Lovely,T38-1A,89.9500,"Thank heaven for little girls! And for adorable arrangements like this one! Perfect for new moms, new babies and girly-girls of all ages, this sweet basket of pink petals is sure to get a warm welcome! Pretty pink hydrangea, roses and spray roses along with Queen Anne's lace are delivered in a charming white basket that's all wrapped up with a pink bow. Say hello to beauty, cutie!",12" h x 11 1/2" w,https://cdn.floristone.com/small/T38-1A_t1.jpg,https://cdn.floristone.com/large/T38-1A_d1.jpg,https://cdn.floristone.com/hi-res/T38-1A_h1.jpg,http://www.floristone.com/detail.cfm?dcode=T38-1A&source_id=aff&affiliateid=2026097209,http://www.floristone.com/cart.cfm?dcode=T38-1A&source_id=aff&affiliateid=2026097209,1,1,1,1,1,1,1,0,Centerpieces
Make Me Blush,T4-1A,89.9500,"It's fun to be flirty! Send a dozen roses to the one you love and she just might make you blush. Especially if the dozen roses in question are this gorgeous! This arrangement is sweet and innocent as can be. Of course, it's a bit sassy and a whole lot sexy, as well. Sending a dozen perfectly pink roses and white limonium arranged in a glass vase to the woman you love shows that you know how much fun love is! And every woman appreciates that! ",20 1/2" h x 17 1/2" w,https://cdn.floristone.com/small/T4-1A_t1.jpg,https://cdn.floristone.com/large/T4-1A_d1.jpg,https://cdn.floristone.com/hi-res/T4-1A_h1.jpg,http://www.floristone.com/detail.cfm?dcode=T4-1A&source_id=aff&affiliateid=2026097209,http://www.floristone.com/cart.cfm?dcode=T4-1A&source_id=aff&affiliateid=2026097209,1,1,1,1,0,0,0,0,Roses
Garden Parade,T41-1A,79.9500,"You'll want to put this colorful bouquet on your hit parade of gifts to send. Bold primary colors and a perfect mix of flowers make it great for men and women of all ages. In other words, it's a perfect arrangement. Yellow roses, alstroemeria, and button spray chrysanthemums, red miniature gerberas and matsumoto asters along with purple statice, salal and fern are delivered in a lovely hurricane vase. It's a garden parade to be proud of!",13 1/2" h x 14" w,https://cdn.floristone.com/small/T41-1A_t1.jpg,https://cdn.floristone.com/large/T41-1A_d1.jpg,https://cdn.floristone.com/hi-res/T41-1A_h1.jpg,http://www.floristone.com/detail.cfm?dcode=T41-1A&source_id=aff&affiliateid=2026097209,http://www.floristone.com/cart.cfm?dcode=T41-1A&source_id=aff&affiliateid=2026097209,1,1,1,1,1,0,1,0,Vase Arrangements
Sunny Smiles,T42-1A,79.9500,"What better gift to send someone than a sunny smile? Think how much that sentiment delivered in the form of this beautiful and cheerful bouquet will mean to whoever's on your mind today. Dazzling green roses, peach spray roses, yellow asiatic lilies, alstroemeria and solidago along with beautiful leafy greens are delivered in a yellow Serendipity vase. Send a sunny smile today! Vase may vary.",13" h x 11" w,https://cdn.floristone.com/small/T42-1A_t1.jpg,https://cdn.floristone.com/large/T42-1A_d1.jpg,https://cdn.floristone.com/hi-res/T42-1A_h1.jpg,http://www.floristone.com/detail.cfm?dcode=T42-1A&source_id=aff&affiliateid=2026097209,http://www.floristone.com/cart.cfm?dcode=T42-1A&source_id=aff&affiliateid=2026097209,1,1,1,1,1,0,1,0,Vase Arrangements
Be Happy Bouquet,T43-1A,79.9500,"There are probably a million reasons this is such a popular bouquet. Of course, there are probably just as many reasons to send this cheerful arrangement. Full of happy flowers, this ceramic happy face mug will bring smiles for years to come. Especially when filled with that first cup of morning coffee or cocoa! Yellow roses and daisy spray chrysanthemums along with white daisy spray chrysanthemums and oregonia are delivered in the one and only Be Happy mug.",10 1/2" h x 10 3/4" w,https://cdn.floristone.com/small/T43-1A_t1.jpg,https://cdn.floristone.com/large/T43-1A_d1.jpg,https://cdn.floristone.com/hi-res/T43-1A_h1.jpg,http://www.floristone.com/detail.cfm?dcode=T43-1A&source_id=aff&affiliateid=2026097209,http://www.floristone.com/cart.cfm?dcode=T43-1A&source_id=aff&affiliateid=2026097209,1,1,0,0,1,0,1,0,One Sided Arrangements
How Sweet It Is,T46-1A,79.9500,"How sweet it will be when this dazzling arrangement arrives at someone's door. Very vibrant. Very vivacious. And very, very pretty. Light orange roses, orange spray roses, hot pink carnations and matsumoto asters, red miniature carnations and more are delivered in a lovely glass vase. Be sweet and send this one today!",12" h x 12" w,https://cdn.floristone.com/small/T46-1A_t1.jpg,https://cdn.floristone.com/large/T46-1A_d1.jpg,https://cdn.floristone.com/hi-res/T46-1A_h1.jpg,http://www.floristone.com/detail.cfm?dcode=T46-1A&source_id=aff&affiliateid=2026097209,http://www.floristone.com/cart.cfm?dcode=T46-1A&source_id=aff&affiliateid=2026097209,1,1,1,1,1,0,1,0,Vase Arrangements
Sunrise Sunset,T47-1A,79.9500,"Sunrise, sunset, swiftly fly the days. So don't let another day go by without letting someone you know that you are thinking of them. This delightful arrangement will brighten anyone's morning, noon and night. Fiery orange roses, spray roses and gerberas plus red carnations and huckleberry, are arranged in an exclusive orange cube vase. This arrangement is bound to get glowing reviews and thank-yous!Color of vase may vary.",9" h x  8" w,https://cdn.floristone.com/small/T47-1A_t1.jpg,https://cdn.floristone.com/large/T47-1A_d1.jpg,https://cdn.floristone.com/hi-res/T47-1A_h1.jpg,http://www.floristone.com/detail.cfm?dcode=T47-1A&source_id=aff&affiliateid=2026097209,http://www.floristone.com/cart.cfm?dcode=T47-1A&source_id=aff&affiliateid=2026097209,1,1,1,1,1,0,1,0,Centerpieces
Fiery Lily and Rose,T47-2A,84.9500,"Spark someone's attention by sending this absolutely radiant bouquet. Full of flowers and fiery beauty, it makes a beautiful gift for any occasion. Features dark orange roses and orange asiatic lilies in a charming glass vase. It's fiery and it's fabulous!",18" h x 15" w,https://cdn.floristone.com/small/T47-2A_t1.jpg,https://cdn.floristone.com/large/T47-2A_d1.jpg,https://cdn.floristone.com/hi-res/T47-2A_h1.jpg,http://www.floristone.com/detail.cfm?dcode=T47-2A&source_id=aff&affiliateid=2026097209,http://www.floristone.com/cart.cfm?dcode=T47-2A&source_id=aff&affiliateid=2026097209,1,1,1,0,1,0,1,0,Vase Arrangements
Uniquely Chic,T47-3A,79.9500,"Uniquely beautiful and uniquely bright, this is a bona fide bombshell of a bouquet. Brilliant blossoms are perfectly arranged in an exclusive cube vase. Orange roses, hot pink roses, spray roses and carnations are joined by glowing orange asiatic lilies and bear grass in a delightful vase. This unique arrangement is delivered in a cube but it's definitely not for squares.",11 1/2" h x 13" w,https://cdn.floristone.com/small/T47-3A_t1.jpg,https://cdn.floristone.com/large/T47-3A_d1.jpg,https://cdn.floristone.com/hi-res/T47-3A_h1.jpg,http://www.floristone.com/detail.cfm?dcode=T47-3A&source_id=aff&affiliateid=2026097209,http://www.floristone.com/cart.cfm?dcode=T47-3A&source_id=aff&affiliateid=2026097209,1,1,1,1,1,0,1,0,Centerpieces
Jumping for Joy,T48-1A,79.9500,"Someone you know (or want to know!) will jump for joy when she receives this charming bouquet. Soft and feminine colors, flowers and textures are all wrapped up in one pretty package. Pink spray roses, light pink alstroemeria, hot pink miniature carnations, lavender stock and salal are delivered in a charming vase that comes with its own pink satin ribbon. When you come across something this lovely at this price, you've got to jump on it!",17 1/2" h x 10" w,https://cdn.floristone.com/small/T48-1A_t1.jpg,https://cdn.floristone.com/large/T48-1A_d1.jpg,https://cdn.floristone.com/hi-res/T48-1A_h1.jpg,http://www.floristone.com/detail.cfm?dcode=T48-1A&source_id=aff&affiliateid=2026097209,http://www.floristone.com/cart.cfm?dcode=T48-1A&source_id=aff&affiliateid=2026097209,1,1,1,1,1,0,0,0,Vase Arrangements
Steal the Show,T49-1A,104.9500,"You won't have to worry about any other bouquet upstaging this gift! At over two feet tall, this is a fabulous way to show someone how much they mean to you. Lovely lavender roses, alstroemeria, larkspur, freesia, matsumoto asters and limonium are joined by light pink snapdragons, purple monte cassino asters and statice in an exclusive lavender vase. The bouquet will definitely steal the show. You might even steal someone's heart.Container and/ or color of container may vary.",27" h x 18" w,https://cdn.floristone.com/small/T49-1A_t1.jpg,https://cdn.floristone.com/large/T49-1A_d1.jpg,https://cdn.floristone.com/hi-res/T49-1A_h1.jpg,http://www.floristone.com/detail.cfm?dcode=T49-1A&source_id=aff&affiliateid=2026097209,http://www.floristone.com/cart.cfm?dcode=T49-1A&source_id=aff&affiliateid=2026097209,1,1,1,1,1,0,1,0,Vase Arrangements
Lavish Love,T5-1A,104.9500,"Lovely reds and pinks come together in this lavishly romantic anniversary gift. Sweetly sentimental, this combination of colors and flowers is a delightfully fresh way to say I love you. Radiant red roses and spray roses along with pretty in pink asiatic lilies are beautifully arranged in a stylish glass vase. It's a beautiful way to celebrate a romance that deepens with each passing year.",20" h x 17" w,https://cdn.floristone.com/small/T5-1A_t1.jpg,https://cdn.floristone.com/large/T5-1A_d1.jpg,https://cdn.floristone.com/hi-res/T5-1A_h1.jpg,http://www.floristone.com/detail.cfm?dcode=T5-1A&source_id=aff&affiliateid=2026097209,http://www.floristone.com/cart.cfm?dcode=T5-1A&source_id=aff&affiliateid=2026097209,1,1,1,1,0,0,0,0,Vase Arrangements
Enchanted Cottage,T50-1A,84.9500,"This magical bouquet will be at home in a cottage, a condo, a studio or an estate. It's so pretty it will be appreciated by all those lucky enough to receive it. Enchant someone today! White roses and spray roses, lavender stock and waxflower, all perfectly arranged in a clear glass vase that's wrapped with purple ribbon.",16" h x 9" w,https://cdn.floristone.com/small/T50-1A_t1.jpg,https://cdn.floristone.com/large/T50-1A_d1.jpg,https://cdn.floristone.com/hi-res/T50-1A_h1.jpg,http://www.floristone.com/detail.cfm?dcode=T50-1A&source_id=aff&affiliateid=2026097209,http://www.floristone.com/cart.cfm?dcode=T50-1A&source_id=aff&affiliateid=2026097209,1,1,1,1,1,0,1,0,Vase Arrangements
Love and Laughter,T50-3A,94.9500,"Know someone you love to make laugh? Someone you love to laugh with? Someone who could use a laugh? Someone who fits all of the above? Well, this beautiful arrangement has charms that extend way beyond its blossoms. Lavender roses and daisy spray chrysanthemums, purple carnations, miniature carnations, matsumoto asters and pink waxflower are delivered in a sweet lilac vase that's tied with a purple satin ribbon. Love, laugh and send it today!Color of vase may vary.",17 1/4" h x 15 1/2" w,https://cdn.floristone.com/small/T50-3A_t1.jpg,https://cdn.floristone.com/large/T50-3A_d1.jpg,https://cdn.floristone.com/hi-res/T50-3A_h1.jpg,http://www.floristone.com/detail.cfm?dcode=T50-3A&source_id=aff&affiliateid=2026097209,http://www.floristone.com/cart.cfm?dcode=T50-3A&source_id=aff&affiliateid=2026097209,1,1,1,1,1,0,1,0,Vase Arrangements
Polka Dots and Posies,T52-3A,79.9500,"Polka dots and posies, they're the perfect pair. Well, at least in this pretty arrangement they are. Just the right flowers in just the right vase all wrapped up in… you guessed it, just the right ribbon. Pink spray roses and white daisy spray chrysanthemums are delivered in an exclusive pink vase that's wrapped with a polka-dot satin ribbon.",9" h x 9" w,https://cdn.floristone.com/small/T52-3A_t1.jpg,https://cdn.floristone.com/large/T52-3A_d1.jpg,https://cdn.floristone.com/hi-res/T52-3A_h1.jpg,http://www.floristone.com/detail.cfm?dcode=T52-3A&source_id=aff&affiliateid=2026097209,http://www.floristone.com/cart.cfm?dcode=T52-3A&source_id=aff&affiliateid=2026097209,1,1,1,1,1,1,1,0,Centerpieces
Heavenly & Harmony,T55-1A,84.9500,"Heavenly hues and pretty petals are in perfect harmony in this gorgeous arrangement. Lovely for a birthday, anniversary or just because, it's simply stunning! Light pink roses, white asiatic lilies, Queen Anne's lace and salal are beautifully arranged in a glass vase. Heaven sent? Well, someone will think you're an angel for sending it!Style of vase may vary.",18" h x 10" w,https://cdn.floristone.com/small/T55-1A_t1.jpg,https://cdn.floristone.com/large/T55-1A_d1.jpg,https://cdn.floristone.com/hi-res/T55-1A_h1.jpg,http://www.floristone.com/detail.cfm?dcode=T55-1A&source_id=aff&affiliateid=2026097209,http://www.floristone.com/cart.cfm?dcode=T55-1A&source_id=aff&affiliateid=2026097209,1,1,1,1,1,1,1,1,Vase Arrangements
Arrive In Style,T55-2A,84.9500,"This beautiful bouquet will most certainly arrive in style! Ready for the runway, as it were. A delightful combination of light colors and lovely flowers, it's simply beautiful. Light pink roses, white asiatic lilies, alstroemeria, cushion spray chrysanthemums and statice are delivered in a stylish vase. Style to spare!",11" h x 10 1/2" w,https://cdn.floristone.com/small/T55-2A_t1.jpg,https://cdn.floristone.com/large/T55-2A_d1.jpg,https://cdn.floristone.com/hi-res/T55-2A_h1.jpg,http://www.floristone.com/detail.cfm?dcode=T55-2A&source_id=aff&affiliateid=2026097209,http://www.floristone.com/cart.cfm?dcode=T55-2A&source_id=aff&affiliateid=2026097209,1,1,1,1,1,1,1,0,Vase Arrangements
Isle of White,T55-3A,79.9500,"Like a vacation for the senses, this lovely bouquet delivers an oasis of beauty and elegance. Soothing, serene and very special. Crème roses, white asiatic lilies and stock stem are incredibly arranged in a bubble vase. When it comes to bouquets, this is definitely the right way to do white.",11 1/2" h x 14" w,https://cdn.floristone.com/small/T55-3A_t1.jpg,https://cdn.floristone.com/large/T55-3A_d1.jpg,https://cdn.floristone.com/hi-res/T55-3A_h1.jpg,http://www.floristone.com/detail.cfm?dcode=T55-3A&source_id=aff&affiliateid=2026097209,http://www.floristone.com/cart.cfm?dcode=T55-3A&source_id=aff&affiliateid=2026097209,1,1,1,1,1,1,1,0,Centerpieces
Meet Me in Provence,T58-1A,94.9500,"With a beauty reminiscent of the south of France, this proud and pretty arrangement holds nothing back. The colors, the flowers and the feeling of Provence are all present and accounted for in this wonderful bouquet. Yellow roses, spray roses and asiatic lilies, white spray roses and stock and the ever-delightful light blue delphinium are delivered in a vase. C'est magnifiqueStyle of vase may vary.",20" h x 16" w,https://cdn.floristone.com/small/T58-1A_t1.jpg,https://cdn.floristone.com/large/T58-1A_d1.jpg,https://cdn.floristone.com/hi-res/T58-1A_h1.jpg,http://www.floristone.com/detail.cfm?dcode=T58-1A&source_id=aff&affiliateid=2026097209,http://www.floristone.com/cart.cfm?dcode=T58-1A&source_id=aff&affiliateid=2026097209,1,1,1,1,1,1,1,0,Vase Arrangements
Cupid's Creation,T6-1A,99.9500,"Classic beauty and romance to spare, thanks to the graceful lines of a Couture Vase filled with stunning roses – the iconic flower of love. Like the arrow released from Cupid's bow, this gorgeous bouquet will go straight to your lover's heart. Exquisite red and pink roses, white and light pink spray roses and greens are perfectly arranged in a lovely vase. This is an inspired way to celebrate your love.Vase may vary.",14" h x 8" w,https://cdn.floristone.com/small/T6-1A_t1.jpg,https://cdn.floristone.com/large/T6-1A_d1.jpg,https://cdn.floristone.com/hi-res/T6-1A_h1.jpg,http://www.floristone.com/detail.cfm?dcode=T6-1A&source_id=aff&affiliateid=2026097209,http://www.floristone.com/cart.cfm?dcode=T6-1A&source_id=aff&affiliateid=2026097209,1,1,1,1,0,0,0,0,Vase Arrangements
My Perfect Love,T61-1A,189.9500,"When it comes to romance, the red rose rules! And when it comes to delivering romance in a big way, two dozen gorgeous red roses are a brilliant choice. Twenty-four stunning red roses are arranged with greenery and delivered in a feminine vase. ",26" h x 24" w,https://cdn.floristone.com/small/T61-1A_t1.jpg,https://cdn.floristone.com/large/T61-1A_d1.jpg,https://cdn.floristone.com/hi-res/T61-1A_h1.jpg,http://www.floristone.com/detail.cfm?dcode=T61-1A&source_id=aff&affiliateid=2026097209,http://www.floristone.com/cart.cfm?dcode=T61-1A&source_id=aff&affiliateid=2026097209,1,1,1,1,0,0,0,0,Roses
Always on My Mind,T64-1A,89.9500,A dozen gorgeous red roses are the perfect romantic gift to send to the one who's always on your mind and in your heart. Say I love you by sending this lovely arrangement of twelve radiant red roses and fresh greens delivered in a beautiful spring garden vase. Love always. ,24" h x 20" w,https://cdn.floristone.com/small/T64-1A_t1.jpg,https://cdn.floristone.com/large/T64-1A_d1.jpg,https://cdn.floristone.com/hi-res/T64-1A_h1.jpg,http://www.floristone.com/detail.cfm?dcode=T64-1A&source_id=aff&affiliateid=2026097209,http://www.floristone.com/cart.cfm?dcode=T64-1A&source_id=aff&affiliateid=2026097209,1,1,1,1,0,0,0,0,Roses
Never Let Go,T65-1A,149.9500,"Let someone special know how much their love means to you by sending them this truly original arrangement. A vision in red with lavender accents, this beautiful gift is a poignant way to celebrate love that endures. 24 pretty red roses with lavender waxflower and greens are delivered in a stunning ruby red cube vase.",11" h x 12" w,https://cdn.floristone.com/small/T65-1A_t1.jpg,https://cdn.floristone.com/large/T65-1A_d1.jpg,https://cdn.floristone.com/hi-res/T65-1A_h1.jpg,http://www.floristone.com/detail.cfm?dcode=T65-1A&source_id=aff&affiliateid=2026097209,http://www.floristone.com/cart.cfm?dcode=T65-1A&source_id=aff&affiliateid=2026097209,1,1,1,1,0,0,0,0,Centerpieces
Rose Classique,T65-2A,89.9500,"Red roses have symbolized love and romance for centuries. One need only gaze at a classic red rose arrangement, like this one, to see why. Red roses are stunning, dramatic, and they say so much – without saying a word. A dozen red roses with garden greens are hand-delivered in a fashionable Couture Vase. Classic and romantic. Vase may vary.",17" h x 15" w,https://cdn.floristone.com/small/T65-2A_t1.jpg,https://cdn.floristone.com/large/T65-2A_d1.jpg,https://cdn.floristone.com/hi-res/T65-2A_h1.jpg,http://www.floristone.com/detail.cfm?dcode=T65-2A&source_id=aff&affiliateid=2026097209,http://www.floristone.com/cart.cfm?dcode=T65-2A&source_id=aff&affiliateid=2026097209,1,1,1,1,0,0,0,1,Roses
This Magic Moment,T66-1A,99.9500,"It will be a magic moment when this divine bowl of pastel roses is hand-delivered to someone special. Perfect for any occasion, the soft colors and variety of rose blossoms will soothe anyone's soul. Beautiful yellow roses, peach and white spray roses and greens are delivered in a clear glass bubble ball. The effect is magical.",11" h x 13" w,https://cdn.floristone.com/small/T66-1A_t1.jpg,https://cdn.floristone.com/large/T66-1A_d1.jpg,https://cdn.floristone.com/hi-res/T66-1A_h1.jpg,http://www.floristone.com/detail.cfm?dcode=T66-1A&source_id=aff&affiliateid=2026097209,http://www.floristone.com/cart.cfm?dcode=T66-1A&source_id=aff&affiliateid=2026097209,1,1,1,1,1,0,1,0,Roses
Parisian Pinks,T67-3A,104.9500,"Named after the most romantic city in the world, this pretty rose arrangement delivers romance ever so beautifully. Light pink roses symbolize femininity, elegance and refinement, especially when they are perfectly arranged in a white French country pot. Enchanting light pink roses and spray roses arranged with delicate Queen Anne's lace and greens are delivered in an exclusive ceramic container. C'est magnifique!Color and style of container may vary.",12" h x 12 1/4" w,https://cdn.floristone.com/small/T67-3A_t1.jpg,https://cdn.floristone.com/large/T67-3A_d1.jpg,https://cdn.floristone.com/hi-res/T67-3A_h1.jpg,http://www.floristone.com/detail.cfm?dcode=T67-3A&source_id=aff&affiliateid=2026097209,http://www.floristone.com/cart.cfm?dcode=T67-3A&source_id=aff&affiliateid=2026097209,1,1,1,1,1,1,1,0,Centerpieces
Lavender Wishes,T68-1A,94.9500,"Lovely lavender roses are enchanting and exotic. They can even signify love at first sight, and when this pretty bouquet is delivered it will surely be love. Gorgeous as the roses are by themselves, when mixed with the dark forest green of eucalyptus the effect is intoxicating. Twelve delightful lavender roses, eucalyptus and greens are delivered in a glass vase. It's a wish come true!",21" h x 20" w,https://cdn.floristone.com/small/T68-1A_t1.jpg,https://cdn.floristone.com/large/T68-1A_d1.jpg,https://cdn.floristone.com/hi-res/T68-1A_h1.jpg,http://www.floristone.com/detail.cfm?dcode=T68-1A&source_id=aff&affiliateid=2026097209,http://www.floristone.com/cart.cfm?dcode=T68-1A&source_id=aff&affiliateid=2026097209,1,1,1,1,1,0,1,0,Vase Arrangements
Sweet Moments,T68-2A,79.9500,"Know someone who needs a lift? Brighten their day by sending this lovely bouquet of fresh flowers that has sweetness woven right in. Gorgeous white roses, purple alstroemeria, lavender waxflower and eucalyptus are perfectly arranged in a white basket.",12 1/2" h x 14 1/2" w,https://cdn.floristone.com/small/T68-2A_t1.jpg,https://cdn.floristone.com/large/T68-2A_d1.jpg,https://cdn.floristone.com/hi-res/T68-2A_h1.jpg,http://www.floristone.com/detail.cfm?dcode=T68-2A&source_id=aff&affiliateid=2026097209,http://www.floristone.com/cart.cfm?dcode=T68-2A&source_id=aff&affiliateid=2026097209,1,1,1,1,1,0,0,1,Funeral - Table Arrangements
Morning Melody,T68-3A,79.9500,"Shades of purple are in perfect harmony in this profoundly pretty arrangement. A lovely mix of classic and modern, ribbons and roses, it's sure to make someone's day! Lavender roses and waxflower, purple limonium and greens are hand-delivered in a lavender cube that's all wrapped up with a vibrant purple taffeta ribbon. Vase may vary.",11" h x 10 1/2" w,https://cdn.floristone.com/small/T68-3A_t1.jpg,https://cdn.floristone.com/large/T68-3A_d1.jpg,https://cdn.floristone.com/hi-res/T68-3A_h1.jpg,http://www.floristone.com/detail.cfm?dcode=T68-3A&source_id=aff&affiliateid=2026097209,http://www.floristone.com/cart.cfm?dcode=T68-3A&source_id=aff&affiliateid=2026097209,1,1,1,1,0,0,0,0,Vase Arrangements
Victorian Romance,T69-1A,104.9500,"Romance blossoms beautifully within this elegant bouquet. The serenity and innocence of cream-colored roses is in delightful juxtaposition with lavender waxflower and fresh ivy greens. It's as romantic as a stroll through the English countryside. A dozen crème roses, lavender waxflower and ivy are perfectly arranged in a glass vase.  ",15" h x 17" w,https://cdn.floristone.com/small/T69-1A_t1.jpg,https://cdn.floristone.com/large/T69-1A_d1.jpg,https://cdn.floristone.com/hi-res/T69-1A_h1.jpg,http://www.floristone.com/detail.cfm?dcode=T69-1A&source_id=aff&affiliateid=2026097209,http://www.floristone.com/cart.cfm?dcode=T69-1A&source_id=aff&affiliateid=2026097209,1,1,1,1,1,1,1,0,Vase Arrangements
Rosy Glow Bouquet,T70-1A,94.9500,"Yellow roses symbolize friendship, and sending this sunny bouquet of bright yellow flowers is such a beautiful way to celebrate a special bond. Destined to make anyone's day glow, these roses are brilliant! Glowing yellow roses and solidago mixed with greens are delivered in a clear glass gathering vase. Sunny skies ahead! ",20" h x 16" w,https://cdn.floristone.com/small/T70-1A_t1.jpg,https://cdn.floristone.com/large/T70-1A_d1.jpg,https://cdn.floristone.com/hi-res/T70-1A_h1.jpg,http://www.floristone.com/detail.cfm?dcode=T70-1A&source_id=aff&affiliateid=2026097209,http://www.floristone.com/cart.cfm?dcode=T70-1A&source_id=aff&affiliateid=2026097209,1,1,1,1,1,1,1,1,Roses
Blossoms in Vogue,T74-1A,84.9500,"Blow someone away with a bouquet that has so much style… all it needs is its own runway. Brilliant green hydrangea, hot pink and bi-color roses, hot pink and yellow spray roses and greens are hand-delivered in stunning style: a wide cylinder vase that's been elegantly lined with leaves. This bouquet is a singular sensation!",12" h x 13" w,https://cdn.floristone.com/small/T74-1A_t1.jpg,https://cdn.floristone.com/large/T74-1A_d1.jpg,https://cdn.floristone.com/hi-res/T74-1A_h1.jpg,http://www.floristone.com/detail.cfm?dcode=T74-1A&source_id=aff&affiliateid=2026097209,http://www.floristone.com/cart.cfm?dcode=T74-1A&source_id=aff&affiliateid=2026097209,1,1,1,1,1,0,1,1,Vase Arrangements
Always a Lady,T8-1A,139.9500,A gift like this one is always appreciated. An eye-catching display of roses and lilies is perfectly arranged in a feminine vase which makes a beautiful and lasting impression. Elegant white roses and sweet pink asiatic lilies are hand-arranged with greens. It's the perfect way to show you love her always and forever.,18" h x 15 1/2" w,https://cdn.floristone.com/small/T8-1A_t1.jpg,https://cdn.floristone.com/large/T8-1A_d1.jpg,https://cdn.floristone.com/hi-res/T8-1A_h1.jpg,http://www.floristone.com/detail.cfm?dcode=T8-1A&source_id=aff&affiliateid=2026097209,http://www.floristone.com/cart.cfm?dcode=T8-1A&source_id=aff&affiliateid=2026097209,1,1,1,1,0,0,0,0,Vase Arrangements
Isn't It Romantic,T9-1A,99.9500,"Tonight will certainly be romantic if you send this classic arrangement today! Beautiful hues and gorgeous blossoms will deliver your love. A stunning arrangement of light pink roses, white roses, lilies, lisianthius and sweet pea, plus pink stock make this one of our most desired selections.",17 1/2" h x 19" w,https://cdn.floristone.com/small/T9-1A_t1.jpg,https://cdn.floristone.com/large/T9-1A_d1.jpg,https://cdn.floristone.com/hi-res/T9-1A_h1.jpg,http://www.floristone.com/detail.cfm?dcode=T9-1A&source_id=aff&affiliateid=2026097209,http://www.floristone.com/cart.cfm?dcode=T9-1A&source_id=aff&affiliateid=2026097209,1,1,1,1,0,1,1,0,Vase Arrangements
Delicate Dozen,T9-2A,104.9500,"As soft and delicate as the first blush of love, this rose bouquet carries a lot of romance. Gorgeous sweet pink roses arranged in a clear glass vase sends such a beautiful message of love, it just might leave you and your love blushing.",16 1/2" h x 14" w,https://cdn.floristone.com/small/T9-2A_t1.jpg,https://cdn.floristone.com/large/T9-2A_d1.jpg,https://cdn.floristone.com/hi-res/T9-2A_h1.jpg,http://www.floristone.com/detail.cfm?dcode=T9-2A&source_id=aff&affiliateid=2026097209,http://www.floristone.com/cart.cfm?dcode=T9-2A&source_id=aff&affiliateid=2026097209,1,1,1,1,0,1,0,0,Vase Arrangements
Madly in Love,T9-3A,199.9500,"If you're crazy about someone and not afraid to show it, this bright jewel-toned arrangement is the perfect way to express your love. Lavender, red and hot pink roses along with coral and red spray roses arranged in a red-hot cube vase are an absolutely beautiful way to get your message across.",10" h x 11" w,https://cdn.floristone.com/small/T9-3A_t1.jpg,https://cdn.floristone.com/large/T9-3A_d1.jpg,https://cdn.floristone.com/hi-res/T9-3A_h1.jpg,http://www.floristone.com/detail.cfm?dcode=T9-3A&source_id=aff&affiliateid=2026097209,http://www.floristone.com/cart.cfm?dcode=T9-3A&source_id=aff&affiliateid=2026097209,1,1,1,1,0,0,0,0,Roses
Life Celebration Casket Spray,FAA-900,369.95,"The Life Celebration Casket Spray celebrates a the life of your loved one with Sunflowers, red roses, red carnations, yellow daisy Pompons, Solidago and a yellow satin bow. Only available for delivery to a funeral home.",16&quot; H x 36&quot; W,https://cdn.floristone.com/small/FAA-900.jpg,https://cdn.floristone.com/large/FAA-900.jpg,,http://www.floristone.com/detail.cfm?dcode=FAA-900&source_id=aff&affiliateid=2026097209,http://www.floristone.com/cart.cfm?dcode=FAA-900&source_id=aff&affiliateid=2026097209,0,0,0,0,0,0,0,1,Funeral - Casket Sprays
Stylish Garden,FAA-100,134.95,"Tall, lush and stylish are what come together with this array of hydrangea, asiatic lilies, larkspur, snapdragons, blue delphinium, Bells of Ireland, and hot pink spray roses arranged in a clear glass flared vase.",24' H x 13&quot; W,https://cdn.floristone.com/small/FAA-100.jpg,https://cdn.floristone.com/large/FAA-100.jpg,,http://www.floristone.com/detail.cfm?dcode=FAA-100&source_id=aff&affiliateid=2026097209,http://www.floristone.com/cart.cfm?dcode=FAA-100&source_id=aff&affiliateid=2026097209,1,1,1,1,1,1,1,1,Funeral - Table Arrangements
Colorful Flower Basket Arrangement,FAA-303,79.95,"Colorful is bright and lively all-around centerpiece made in an whitewash handled basket that includes red carnations, dark pink Alstroemeria, green Kermit Pompons, Purple Statice and Baby's Breath for filler.",11&quot; H x 11&quot; W,https://cdn.floristone.com/small/FAA-303.jpg,https://cdn.floristone.com/large/FAA-303.jpg,,http://www.floristone.com/detail.cfm?dcode=FAA-303&source_id=aff&affiliateid=2026097209,http://www.floristone.com/cart.cfm?dcode=FAA-303&source_id=aff&affiliateid=2026097209,1,1,1,1,1,0,1,1,Funeral - Baskets
Angelic Urn Flower Arrangement,FAA-950,89.95,"The Angelic Urn Arrangement is an all yellow arrangement of snapdragons rising behind a circle of spray roses, alstroemeria, cushion pompons surrounding the urn convey ascendancy, brightness, and elegance. *** Urn not included. ***",19&quot; H x 14&quot; W,https://cdn.floristone.com/small/FAA-950.jpg,https://cdn.floristone.com/large/FAA-950.jpg,,http://www.floristone.com/detail.cfm?dcode=FAA-950&source_id=aff&affiliateid=2026097209,http://www.floristone.com/cart.cfm?dcode=FAA-950&source_id=aff&affiliateid=2026097209,0,0,0,0,0,0,0,1,Funeral
Eternal Love Flower Urn Arrangement,FAA-951,104.95,"Eternal Splendor is a colorful urn arrangement with tall sides graduating down into a ring includes orange Asiatic lilies, viking pompons, peach hypericum, red spray roses, purple liatris, green miniature carnations. *** Urn not included. ***",18&quot; H x 14&quot; W,https://cdn.floristone.com/small/FAA-951.jpg,https://cdn.floristone.com/large/FAA-951.jpg,,http://www.floristone.com/detail.cfm?dcode=FAA-951&source_id=aff&affiliateid=2026097209,http://www.floristone.com/cart.cfm?dcode=FAA-951&source_id=aff&affiliateid=2026097209,0,0,0,0,0,0,0,1,Funeral
Yellow Spray Rose Bouquet,FAA-118,84.95,The Yellow Spray Rose Bouquet is an all-around arrangement in a clear glass sweetheart vase that is filled with yellow spray roses and baby's breath.,14&quot; H x 10&quot; W,https://cdn.floristone.com/small/FAA-118.jpg,https://cdn.floristone.com/large/FAA-118.jpg,,http://www.floristone.com/detail.cfm?dcode=FAA-118&source_id=aff&affiliateid=2026097209,http://www.floristone.com/cart.cfm?dcode=FAA-118&source_id=aff&affiliateid=2026097209,1,1,1,1,1,1,1,1,Funeral - Table Arrangements
Gathered With Love Flower Arrangement,FAA-126,129.95,"The Gathered With Love Flower Arrangement are flowers that you might pick on stroll through a magical garden. This all-around, centerpiece arrangement includes pink snapdragons, burgundy carnations, pink miniature carnations, spray roses, purple liatris and waxflower.",24&quot; H x 15&quot; W,https://cdn.floristone.com/small/FAA-126.jpg,https://cdn.floristone.com/large/FAA-126.jpg,,http://www.floristone.com/detail.cfm?dcode=FAA-126&source_id=aff&affiliateid=2026097209,http://www.floristone.com/cart.cfm?dcode=FAA-126&source_id=aff&affiliateid=2026097209,1,1,1,1,1,1,1,1,Funeral - Table Arrangements
Harmonium Urn Arrangement,FAA-952,89.95,"Harmonium is a one-sided, flat front urn arrangement of purple larkspur, heather, purple alstroemeria and white spray roses which allows the urn to stand prominently in front. *** Urn not included. ***",21&quot; H x 19&quot; W,https://cdn.floristone.com/small/FAA-952.jpg,https://cdn.floristone.com/large/FAA-952.jpg,,http://www.floristone.com/detail.cfm?dcode=FAA-952&source_id=aff&affiliateid=2026097209,http://www.floristone.com/cart.cfm?dcode=FAA-952&source_id=aff&affiliateid=2026097209,0,0,0,0,0,0,0,1,Funeral
The Sweetest Touch,FAA-101,79.95,"An oasis of soft pastel shades is created from this one-sided vase flower arrangement of gerbera daisies, alstroemeria, pink roses, Queen Annes Lace and hypericum. Prominent colors are pastel shades of pink, green, white, yellow.",15&quot; H x 9&quot; W,https://cdn.floristone.com/small/FAA-101.jpg,https://cdn.floristone.com/large/FAA-101.jpg,,http://www.floristone.com/detail.cfm?dcode=FAA-101&source_id=aff&affiliateid=2026097209,http://www.floristone.com/cart.cfm?dcode=FAA-101&source_id=aff&affiliateid=2026097209,1,1,1,1,1,1,1,1,Funeral - Table Arrangements
Gerbera and Rose Bouquet,FAA-125,84.95,"The Gerbera and Rose Bouquet is a centerpiece in an clear glass bubble bowl that includes yellow gerbera daisies, red spray roses, yellow alstroemeria and solidago for filler.",13&quot; H x 11&quot; W,https://cdn.floristone.com/small/FAA-125.jpg,https://cdn.floristone.com/large/FAA-125.jpg,,http://www.floristone.com/detail.cfm?dcode=FAA-125&source_id=aff&affiliateid=2026097209,http://www.floristone.com/cart.cfm?dcode=FAA-125&source_id=aff&affiliateid=2026097209,1,1,1,1,1,1,1,0,
Precious Flower Cross,FAA-801,349.95,The Precious Flower Cross is a soft and touching flower arrangement to honor the life of a loved one. This cross is made of standard pink carnations as background with a cascade of 18 red roses and a satin bow in the center.,34&quot; H x 22&quot; W,https://cdn.floristone.com/small/FAA-801.jpg,https://cdn.floristone.com/large/FAA-801.jpg,,http://www.floristone.com/detail.cfm?dcode=FAA-801&source_id=aff&affiliateid=2026097209,http://www.floristone.com/cart.cfm?dcode=FAA-801&source_id=aff&affiliateid=2026097209,0,0,0,0,0,0,0,1,Funeral - Crosses
Eternal Splendor Urn Arrangement,FAA-954,104.95,"Eternal Splendor is a colorful urn arrangement with tall sides graduating down into a ring includes orange Asiatic lilies, viking pompons, peach hypericum, red spray roses, purple liatris, green miniature carnations. *** Urn not included. ***",16&quot; H x 15&quot; W,https://cdn.floristone.com/small/FAA-954.jpg,https://cdn.floristone.com/large/FAA-954.jpg,,http://www.floristone.com/detail.cfm?dcode=FAA-954&source_id=aff&affiliateid=2026097209,http://www.floristone.com/cart.cfm?dcode=FAA-954&source_id=aff&affiliateid=2026097209,0,0,0,0,0,0,0,1,Funeral
Orange Delight,FAA-120,79.95,"Orange Delight includes Asiatic lilies, orange alstroemeria, orange miniature carnations and peach hypericum in a clear class Jordan vase.",15&quot; H x 11&quot; W,https://cdn.floristone.com/small/FAA-120.jpg,https://cdn.floristone.com/large/FAA-120.jpg,,http://www.floristone.com/detail.cfm?dcode=FAA-120&source_id=aff&affiliateid=2026097209,http://www.floristone.com/cart.cfm?dcode=FAA-120&source_id=aff&affiliateid=2026097209,1,1,1,1,1,1,1,1,Funeral - Table Arrangements
Petal Splendor,FAA-121,84.95,"Petal Splendor is a centerpiece comes in a glass tropical vasefilled with lavender snapdragons, white alstroemeria, pink standard carnations, lavender daisy pompons.",21&quot; H x 13&quot; W,https://cdn.floristone.com/small/FAA-121.jpg,https://cdn.floristone.com/large/FAA-121.jpg,,http://www.floristone.com/detail.cfm?dcode=FAA-121&source_id=aff&affiliateid=2026097209,http://www.floristone.com/cart.cfm?dcode=FAA-121&source_id=aff&affiliateid=2026097209,1,1,1,1,1,1,1,0,
Forever in Pink Flower Cross,FAA-800,349.95,The Forever in Pink Flower Cross is a cross of flowers consisting of 50 standard pink carnations as background and a snaking cascade from top to bottom of white and yellow roses with baby's breath.,34&quot; H x 22&quot; W,https://cdn.floristone.com/small/FAA-800.jpg,https://cdn.floristone.com/large/FAA-800.jpg,,http://www.floristone.com/detail.cfm?dcode=FAA-800&source_id=aff&affiliateid=2026097209,http://www.floristone.com/cart.cfm?dcode=FAA-800&source_id=aff&affiliateid=2026097209,0,0,0,0,0,0,0,1,Funeral - Crosses
Forever In Our Heart,FAA-701,314.95,"Softness, tenderness and elegance are conveyed in Forever In Our Heart, an open heart flower arrangement filled with Asiatic lilies, carnations, spray roses, and Queen Anne's Lace blooms. Prominent flower colors are pink, white and green.",20&quot;,https://cdn.floristone.com/small/FAA-701.jpg,https://cdn.floristone.com/large/FAA-701.jpg,,http://www.floristone.com/detail.cfm?dcode=FAA-701&source_id=aff&affiliateid=2026097209,http://www.floristone.com/cart.cfm?dcode=FAA-701&source_id=aff&affiliateid=2026097209,0,0,0,0,0,0,0,1,Funeral - Hearts
Striking Elegance,FAA-102,79.95,"White hydrangea and white roses set against hot pink spray roses create contrast, beauty and grace in this glass cube vase centerpiece flower arrangement accented with hypericum. Prominent colors are contrasting colors of white and pink.",11&quot; H x 9&quot; W,https://cdn.floristone.com/small/FAA-102.jpg,https://cdn.floristone.com/large/FAA-102.jpg,,http://www.floristone.com/detail.cfm?dcode=FAA-102&source_id=aff&affiliateid=2026097209,http://www.floristone.com/cart.cfm?dcode=FAA-102&source_id=aff&affiliateid=2026097209,1,1,1,1,0,0,1,0,
Colorful Spirit Heart,FAA-700,464.95,"Honor a colorful spirit with a colorful flower heart. This is a generous solid heart filled an abundance of pink from gerbera daisies, hot pink spray roses, and pink carnations that blend and contrast with blue delphinium, white miniature carnations, white spray mums, lavender spider mums and statice.",26&quot;,https://cdn.floristone.com/small/FAA-700.jpg,https://cdn.floristone.com/large/FAA-700.jpg,,http://www.floristone.com/detail.cfm?dcode=FAA-700&source_id=aff&affiliateid=2026097209,http://www.floristone.com/cart.cfm?dcode=FAA-700&source_id=aff&affiliateid=2026097209,0,0,0,0,0,0,0,1,Funeral - Hearts
Bold and Beautiful Funeral Wreath,FAA-604,349.95,"The Bold and Beautiful Wreath features the striking color contrast of red and white. The red in this wreath comes from comes from red roses, red spray roses, and the white comes from white fugi mums, white cushions pompons, white montecasino for filler. The wreath includes a white satin bow at top center.",20&quot; Round,https://cdn.floristone.com/small/FAA-604.jpg,https://cdn.floristone.com/large/FAA-604.jpg,,http://www.floristone.com/detail.cfm?dcode=FAA-604&source_id=aff&affiliateid=2026097209,http://www.floristone.com/cart.cfm?dcode=FAA-604&source_id=aff&affiliateid=2026097209,0,0,0,0,0,0,0,1,Funeral - Wreaths
Glory,FAA-108,129.95,"Glory is a large and generous floor basket standing approximately 2 feet wide by 2 1/2 feet hight. Glory comes in a plastic white hoop basket and includes stems Bells of Ireland, stems green Fugi Mums, stems yellow Gerbera Daisies, tems white standard Carnations, stems white daisy Pompons, stems white Montecasino, stems white Stock, and a white satin bow.",33&quot; H x 24&quot; W,https://cdn.floristone.com/small/FAA-108.jpg,https://cdn.floristone.com/large/FAA-108.jpg,,http://www.floristone.com/detail.cfm?dcode=FAA-108&source_id=aff&affiliateid=2026097209,http://www.floristone.com/cart.cfm?dcode=FAA-108&source_id=aff&affiliateid=2026097209,0,0,0,0,0,0,0,1,Funeral - Baskets
Petals Surprise,FAA-116,79.95,"Petals Surprise is an all-around, centerpiece arrangement in a clear glass Ginger Vase that includes pink Asiatic lilies, pink spray roses, and pink alstroemeria.",15&quot; H x 11&quot; W,https://cdn.floristone.com/small/FAA-116.jpg,https://cdn.floristone.com/large/FAA-116.jpg,,http://www.floristone.com/detail.cfm?dcode=FAA-116&source_id=aff&affiliateid=2026097209,http://www.floristone.com/cart.cfm?dcode=FAA-116&source_id=aff&affiliateid=2026097209,1,1,1,1,1,1,1,1,Funeral - Table Arrangements
The Pastel Flower Basket,FAA-318,84.95,"The Pastel Flower Basket is a basket of harmonious pastel colors. This all-around arrangement comes in a brown handled basket and includes lavender fugi mums, green minature carnations, green daisy pompons, bells of ireland, purple alstroemeria, purple montecasino and limonium.",15&quot; H x 14&quot; W,https://cdn.floristone.com/small/FAA-318.jpg,https://cdn.floristone.com/large/FAA-318.jpg,,http://www.floristone.com/detail.cfm?dcode=FAA-318&source_id=aff&affiliateid=2026097209,http://www.floristone.com/cart.cfm?dcode=FAA-318&source_id=aff&affiliateid=2026097209,1,1,1,1,1,1,1,1,Funeral - Table Arrangements
Sunburst Wreath,FAA-600,314.95,"Orange gerbera daisies, sunflowers, and burgundy carnations burst like sunshine in this bright funeral wreath that radiates warmth and love. Yellow daisy pompons, solidage and statice fill and accentuate this flower arrangement. The prominent colors are the colors of sunshine: orange, yellow, red and purple.",20&quot; Round,https://cdn.floristone.com/small/FAA-600.jpg,https://cdn.floristone.com/large/FAA-600.jpg,,http://www.floristone.com/detail.cfm?dcode=FAA-600&source_id=aff&affiliateid=2026097209,http://www.floristone.com/cart.cfm?dcode=FAA-600&source_id=aff&affiliateid=2026097209,0,0,0,0,0,0,0,1,Funeral - Wreaths
Pastel Harmony,FAA-104,89.95,"Pastel Harmony is a one-sided arrangement that harmoniously blends in soft colors of bue delphinium, lavender roses, lavender spider mums, alstroemeria, white miniature carnatio and white montecasino.",15&quot; H x 8&quot; W,https://cdn.floristone.com/small/FAA-104.jpg,https://cdn.floristone.com/large/FAA-104.jpg,,http://www.floristone.com/detail.cfm?dcode=FAA-104&source_id=aff&affiliateid=2026097209,http://www.floristone.com/cart.cfm?dcode=FAA-104&source_id=aff&affiliateid=2026097209,1,1,1,1,1,1,1,1,Funeral - Table Arrangements
Pretty Passion,FAA-115,139.95,"Pretty Passion is a centerpiece in a clear glass classic vase with pink larkspur, purple fugi mums, white roses, pink alstroemeria, hot pink minis, waxflower for filler.",27&quot; H x 17&quot; W,https://cdn.floristone.com/small/FAA-115.jpg,https://cdn.floristone.com/large/FAA-115.jpg,,http://www.floristone.com/detail.cfm?dcode=FAA-115&source_id=aff&affiliateid=2026097209,http://www.floristone.com/cart.cfm?dcode=FAA-115&source_id=aff&affiliateid=2026097209,1,1,1,1,1,1,1,1,Funeral - Table Arrangements
Always Remembered Flower Wreath,FAA-602,329.95,"The Always Remembered Flower Wreath has yellow carnations, stems yellow miniature carnations, stems orange spray roses as cascade on the left side of the wreath that finishes with a stylish yellow satin bow.",20&quot;,https://cdn.floristone.com/small/FAA-602.jpg,https://cdn.floristone.com/large/FAA-602.jpg,,http://www.floristone.com/detail.cfm?dcode=FAA-602&source_id=aff&affiliateid=2026097209,http://www.floristone.com/cart.cfm?dcode=FAA-602&source_id=aff&affiliateid=2026097209,0,0,0,0,0,0,0,1,Funeral - Wreaths
Pretty in Pink Basket,FAA-312,94.95,"Pretty In Pink is an all-around, centerpiece arrangement that comes in a brown handled basket and includes pink carnations, lavender daisy pompons, hot pink matsumoto asters, pink spray roses, and waxflower for filler.",12&quot; H x 12&quot; W,https://cdn.floristone.com/small/FAA-312.jpg,https://cdn.floristone.com/large/FAA-312.jpg,,http://www.floristone.com/detail.cfm?dcode=FAA-312&source_id=aff&affiliateid=2026097209,http://www.floristone.com/cart.cfm?dcode=FAA-312&source_id=aff&affiliateid=2026097209,1,1,1,1,1,1,1,1,Funeral - Table Arrangements
Fresh,FAA-103,74.95,"Fresh is a one-sided arrangement vase arrangement that is pure, alive and fresh. Fresh comes in a slender vase and includes hot pink spray roses, montecasino and white daisy pompons.",14&quot; H x 8&quot; W,https://cdn.floristone.com/small/FAA-103.jpg,https://cdn.floristone.com/large/FAA-103.jpg,,http://www.floristone.com/detail.cfm?dcode=FAA-103&source_id=aff&affiliateid=2026097209,http://www.floristone.com/cart.cfm?dcode=FAA-103&source_id=aff&affiliateid=2026097209,1,1,1,1,1,1,1,0,
Bountiful,FAA-301,149.95,"Bountiful is a one sided arrangement made in a white handled basket and includes purple Larkspur, stems pink standard carnations, stems lavender Fugi Mums, stems lavender Roses, stems hot pink Spray Roses, stems white Alstroemeria, and purple statice and limonium for fillers. The prominent colors are pink, purple, lavender and white.",28&quot; H x 22&quot; W,https://cdn.floristone.com/small/FAA-301.jpg,https://cdn.floristone.com/large/FAA-301.jpg,,http://www.floristone.com/detail.cfm?dcode=FAA-301&source_id=aff&affiliateid=2026097209,http://www.floristone.com/cart.cfm?dcode=FAA-301&source_id=aff&affiliateid=2026097209,0,0,0,0,0,0,0,1,Funeral - Baskets
The Happy Yellow Basket,FAA-317,74.95,"The Happy Yellow Basket is a basket of yellow flowers contrasted against some striking but subtle purple. This centerpiece is made in a brown handled basket that has yellow gerbera daisies, yellow standard carnations, yellow alstroemeria, purple daisy pompons, and yellow solidago and baby's breath for filler.",13&quot; H x 11&quot; W,https://cdn.floristone.com/small/FAA-317.jpg,https://cdn.floristone.com/large/FAA-317.jpg,,http://www.floristone.com/detail.cfm?dcode=FAA-317&source_id=aff&affiliateid=2026097209,http://www.floristone.com/cart.cfm?dcode=FAA-317&source_id=aff&affiliateid=2026097209,1,1,1,1,1,1,1,0,
Large Mixed Plant Dish Garden,FAA-401,114.95,The large Mixed Plant Ceramic Dish Garden includes a variety of indoor foliage.,12&quot; W x 12&quot; H,https://cdn.floristone.com/small/FAA-401.jpg,https://cdn.floristone.com/large/FAA-401.jpg,,http://www.floristone.com/detail.cfm?dcode=FAA-401&source_id=aff&affiliateid=2026097209,http://www.floristone.com/cart.cfm?dcode=FAA-401&source_id=aff&affiliateid=2026097209,1,1,0,0,1,0,1,1,Funeral - Plants
Solemnity Casket Spray,FAA-901,349.95,"The Solemnity Casket Spray mourns the loss of your beloeved with white Football Mums, red carnations, red roses, white Iceburg Pompons Montecasino as filler and a white satin ribbon. The prominent colors of this casket spray are red and white.",16&quot; H x 36&quot; W,https://cdn.floristone.com/small/FAA-901.jpg,https://cdn.floristone.com/large/FAA-901.jpg,,http://www.floristone.com/detail.cfm?dcode=FAA-901&source_id=aff&affiliateid=2026097209,http://www.floristone.com/cart.cfm?dcode=FAA-901&source_id=aff&affiliateid=2026097209,0,0,0,0,0,0,0,1,Funeral - Casket Sprays
Mixed Plant Dish Garden,FAA-400,79.95,Mixed Plant Ceramic Dish Garden includes a variety of indoor foliage.,8&quot; W x 8&quot; H,https://cdn.floristone.com/small/FAA-400.jpg,https://cdn.floristone.com/large/FAA-400.jpg,,http://www.floristone.com/detail.cfm?dcode=FAA-400&source_id=aff&affiliateid=2026097209,http://www.floristone.com/cart.cfm?dcode=FAA-400&source_id=aff&affiliateid=2026097209,1,1,0,0,1,0,1,1,Funeral - Plants
Eternal Light Standing Spray,FAA-502,194.95,"The Eternal Light Standing Spray gives the visual effect of a bright, warm yellow glow to honor your loved one. This oval shaped standing spray includes yellow snapdragons, yellow fugi mums, white alstroemeria, yellow roses, white cushion pompons, baby's breath for filler and a yellow satin bow in the center.",40' H x 30&quot; W,https://cdn.floristone.com/small/FAA-502.jpg,https://cdn.floristone.com/large/FAA-502.jpg,,http://www.floristone.com/detail.cfm?dcode=FAA-502&source_id=aff&affiliateid=2026097209,http://www.floristone.com/cart.cfm?dcode=FAA-502&source_id=aff&affiliateid=2026097209,0,0,0,0,0,0,0,1,Funeral - Sprays
Eternal Grace Casket Spray,FAA-903,349.95,"The Eternal Grace Casket Spray is a white and yellow casket spray to honor your beloved with white Football Mums, stems white standard Carnations, stems yellow Roses, white Iceburg or Cushion Pompons, Solidago for filler and a white satin bow.",16&quot; H x 36&quot; W,https://cdn.floristone.com/small/FAA-903.jpg,https://cdn.floristone.com/large/FAA-903.jpg,,http://www.floristone.com/detail.cfm?dcode=FAA-903&source_id=aff&affiliateid=2026097209,http://www.floristone.com/cart.cfm?dcode=FAA-903&source_id=aff&affiliateid=2026097209,0,0,0,0,0,0,0,1,Funeral - Casket Sprays
Life Salute Wreath,FAA-603,314.95,"The Life Tribute Wreath celeberates a life well lived with yellow carnations, pink carnations, purple fugi mums, red spray roses, white cushions, purple statice and montecasino for filler and a white stain bow placed at top center.",20&quot; Round,https://cdn.floristone.com/small/FAA-603.jpg,https://cdn.floristone.com/large/FAA-603.jpg,,http://www.floristone.com/detail.cfm?dcode=FAA-603&source_id=aff&affiliateid=2026097209,http://www.floristone.com/cart.cfm?dcode=FAA-603&source_id=aff&affiliateid=2026097209,0,0,0,0,0,0,0,1,Funeral - Wreaths
The Patriot Flower Basket Arrangement,FAA-310,89.95,"This Patriot Flower Basket Arrangement is a red, white, and blue arrangement to honor the life of your beloved patriot. The red comes from red carnations and red miniature carnations, the white comes from white cushion pompons, and the blue comes from dark blue delphinium. The This patriotic arrangement sits in a whitewash handles basket and features a royal blue satin bow.",20" H x 14" W,https://cdn.floristone.com/small/FAA-310.jpg,https://cdn.floristone.com/large/FAA-310.jpg,,http://www.floristone.com/detail.cfm?dcode=FAA-310&source_id=aff&affiliateid=2026097209,http://www.floristone.com/cart.cfm?dcode=FAA-310&source_id=aff&affiliateid=2026097209,0,0,0,0,0,0,0,1,Funeral - Baskets
Elegance Funeral Wreath,FAA-601,369.95,"The Elegant Funeral Wreath is a funeral wreath of three dozen roses: 12 pink, 12 white, 12 yellow topped with a pink satin bow placed in the bottom center.",20&quot; Round,https://cdn.floristone.com/small/FAA-601.jpg,https://cdn.floristone.com/large/FAA-601.jpg,,http://www.floristone.com/detail.cfm?dcode=FAA-601&source_id=aff&affiliateid=2026097209,http://www.floristone.com/cart.cfm?dcode=FAA-601&source_id=aff&affiliateid=2026097209,0,0,0,0,0,0,0,1,Funeral - Wreaths
Memories in Pink,FAA-902,314.95,"The Memories in Pink Casket Spray evokes softness and tenderness and honors the eternal grace of your loved one. This casket sprays includes stems of purple Liatris, stems pink Snapdragons, stems of lavender standard Carnations, stems pink Asiatic Lilies, limonium as filler and a a pink satin bow.",16&quot; H x 36&quot; W,https://cdn.floristone.com/small/FAA-902.jpg,https://cdn.floristone.com/large/FAA-902.jpg,,http://www.floristone.com/detail.cfm?dcode=FAA-902&source_id=aff&affiliateid=2026097209,http://www.floristone.com/cart.cfm?dcode=FAA-902&source_id=aff&affiliateid=2026097209,0,0,0,0,0,0,0,1,Funeral - Casket Sprays
Life Celebration Spray,FAA-508,194.95,"The Life Celebration Spray is evokes boldness and color to celebrate a life well lived. This oval shaped standing spray includes fugi mums, red carnations, yellow roses, red alstroemeria, purple statice and yellow solidago for filler and is topped with a red satin bow in the center.",40&quot; H x 30&quot; W,https://cdn.floristone.com/small/FAA-508.jpg,https://cdn.floristone.com/large/FAA-508.jpg,,http://www.floristone.com/detail.cfm?dcode=FAA-508&source_id=aff&affiliateid=2026097209,http://www.floristone.com/cart.cfm?dcode=FAA-508&source_id=aff&affiliateid=2026097209,0,0,0,0,0,0,0,1,Funeral - Sprays
Glimmer Spray,FAA-509,194.95,"The Glimmer Spray gives the visual effect of a glimmer and evokes the feeling of transcendence. This oval standing spray sits on an easel to include blue delphinium, white fugi mums, white spray roses, white alstroemeria, baby's breath for filler and a royal blue satin bow in the center.",40&quot; H x 30&quot; W,https://cdn.floristone.com/small/FAA-509.jpg,https://cdn.floristone.com/large/FAA-509.jpg,,http://www.floristone.com/detail.cfm?dcode=FAA-509&source_id=aff&affiliateid=2026097209,http://www.floristone.com/cart.cfm?dcode=FAA-509&source_id=aff&affiliateid=2026097209,0,0,0,0,0,0,0,1,Funeral - Sprays
Lovingly Remembered Casket Spray,FAA-904,454.95,"The Lovingly Remembered Casket Spray lets you remember and honor your loved one with the warmth of pink and red roses. Adorn the casket with 24 stems red Roses and 24 Stems light pink Roses, decorative greens and a pink stain bow.",16&quot; H x 36&quot; W,https://cdn.floristone.com/small/FAA-904.jpg,https://cdn.floristone.com/large/FAA-904.jpg,,http://www.floristone.com/detail.cfm?dcode=FAA-904&source_id=aff&affiliateid=2026097209,http://www.floristone.com/cart.cfm?dcode=FAA-904&source_id=aff&affiliateid=2026097209,0,0,0,0,0,0,0,1,Funeral - Casket Sprays
A Light Shines Through Casket Spray,FAA-905,369.95,"A Light Shines Through Casket Spray is meant to symbolize the eternal light that can shine through the sad and mournful passing of your dearly departed loved one. This Casket Spray includes orange Gerbera Daisies, orange Asiatic Lilies, purple Larkspur, yellow Roses, green Kermit Pompons, purple Statice for filler and a yellow satin bow. The prominent colors are orange, yellow, green and purple.",16&quot; H x 36&quot; W,https://cdn.floristone.com/small/FAA-905.jpg,https://cdn.floristone.com/large/FAA-905.jpg,,http://www.floristone.com/detail.cfm?dcode=FAA-905&source_id=aff&affiliateid=2026097209,http://www.floristone.com/cart.cfm?dcode=FAA-905&source_id=aff&affiliateid=2026097209,0,0,0,0,0,0,0,1,Funeral - Casket Sprays
Simply Sweet Flower Arrangement,FAA-110,94.95,"Simply Sweet honors the sweetness, gentleness and tenderness of your loved one. This one sided arrangement is made in a paper mache container and includes pink snapdragons, fugi mums, pink carnations, white daisy pompons, baby's breath and a pink satin bow.",36&quot; H x 26&quot; W,https://cdn.floristone.com/small/FAA-110.jpg,https://cdn.floristone.com/large/FAA-110.jpg,,http://www.floristone.com/detail.cfm?dcode=FAA-110&source_id=aff&affiliateid=2026097209,http://www.floristone.com/cart.cfm?dcode=FAA-110&source_id=aff&affiliateid=2026097209,0,0,0,0,0,0,0,1,Funeral - Baskets
Divinity Casket Spray,FAA-906,369.95,"The Divinity Casket Spray evokes peach, purity and the divine. This casket spray includes white Asiatic lilies, white spray roses, white roses and a white satin ribbon.",16&quot; H x 36&quot; W,https://cdn.floristone.com/small/FAA-906.jpg,https://cdn.floristone.com/large/FAA-906.jpg,,http://www.floristone.com/detail.cfm?dcode=FAA-906&source_id=aff&affiliateid=2026097209,http://www.floristone.com/cart.cfm?dcode=FAA-906&source_id=aff&affiliateid=2026097209,0,0,0,0,0,0,0,1,Funeral - Casket Sprays
Lily Surprise,FAA-109,84.95,"Lily Surprise is an centerpiece, all around arrangement, in a clear glass cylinder vase that includes orange Asiatic Lilies, yellow Roses, green Kermit Pompons, purple statice for filler. The orange Asiatic lilies make this arrangement pop!",10&quot; H x 10&quot; W,https://cdn.floristone.com/small/FAA-109.jpg,https://cdn.floristone.com/large/FAA-109.jpg,,http://www.floristone.com/detail.cfm?dcode=FAA-109&source_id=aff&affiliateid=2026097209,http://www.floristone.com/cart.cfm?dcode=FAA-109&source_id=aff&affiliateid=2026097209,1,1,1,1,1,0,1,0,
Blessings Bouquet,FAA-319,84.95,"The Blessing Bouquet is a on-sided arrangement made in a black flat basket square bowl to that includes white larkspur, white spray roses, white standard carnations, Bells of Ireland and a white Asiatic lily in the center.",20&quot; H x 14&quot; W,https://cdn.floristone.com/small/FAA-319.jpg,https://cdn.floristone.com/large/FAA-319.jpg,,http://www.floristone.com/detail.cfm?dcode=FAA-319&source_id=aff&affiliateid=2026097209,http://www.floristone.com/cart.cfm?dcode=FAA-319&source_id=aff&affiliateid=2026097209,0,0,0,0,0,0,0,1,Funeral - Table Arrangements
A Life Remembered,FAA-304,94.95,"A Life Remembered flower arrangement is a a soft and elegant way to remember a precious life. This one sided low and oblong basket flower arrangement is filled with stems of pink Snapdragons, pink Asiatic Lilies, hot pink standard carnations, stems white Daisy Pompons, stems lavender Cushion Pompons and purple Montecasino as filler. Colors of this flower arrangement are pink, hot pink, lavender, purple and white.",11&quot; H x 16&quot; W,https://cdn.floristone.com/small/FAA-304.jpg,https://cdn.floristone.com/large/FAA-304.jpg,,http://www.floristone.com/detail.cfm?dcode=FAA-304&source_id=aff&affiliateid=2026097209,http://www.floristone.com/cart.cfm?dcode=FAA-304&source_id=aff&affiliateid=2026097209,0,0,0,0,0,0,0,1,Funeral - Baskets
Happiness Flower Basket,FAA-313,74.95,"The Happiness Flower Basket brings brings happiness and joy to the lucky recipient. This centerpiece comes in a brown handled basket filled with hot pink matsumoto asters, white alstroemeria, purple standard carnations, lavender daisy pompons and baby's breath for filler.",11&quot; H x 11&quot; W,https://cdn.floristone.com/small/FAA-313.jpg,https://cdn.floristone.com/large/FAA-313.jpg,,http://www.floristone.com/detail.cfm?dcode=FAA-313&source_id=aff&affiliateid=2026097209,http://www.floristone.com/cart.cfm?dcode=FAA-313&source_id=aff&affiliateid=2026097209,1,1,1,1,1,1,1,0,
Bedazzled,FAA-130,89.95,"The Bedazzled flower arrangement will let you dazzle them with beauty! This all centerpiece flower arrangement in clear glass tropical vase with stems lavender fugi mums, pink larkspur, bells of ireland, stems yellow cushion pompons, yellow spray roses and orange alstroemeria.",11&quot; W x 11&quot; H,https://cdn.floristone.com/small/FAA-130.jpg,https://cdn.floristone.com/large/FAA-130.jpg,,http://www.floristone.com/detail.cfm?dcode=FAA-130&source_id=aff&affiliateid=2026097209,http://www.floristone.com/cart.cfm?dcode=FAA-130&source_id=aff&affiliateid=2026097209,1,1,1,1,1,1,1,1,Funeral - Table Arrangements
Cheerful Flower Arrangement,FAA-316,104.95,"The Cheerful Flower Arrangement is just that, happy and cheerful. It's an all-around arrangement in a brown handled basket filled with pink Asiatic lilies, purple alstroemeria, red standard carnations, green miniature carnations and yellow statesman pompons.",12&quot; H x 13&quot; W,https://cdn.floristone.com/small/FAA-316.jpg,https://cdn.floristone.com/large/FAA-316.jpg,,http://www.floristone.com/detail.cfm?dcode=FAA-316&source_id=aff&affiliateid=2026097209,http://www.floristone.com/cart.cfm?dcode=FAA-316&source_id=aff&affiliateid=2026097209,1,1,1,1,1,1,1,1,Funeral - Table Arrangements
Lively Flower Arrangement,FAA-129,74.95,Lively Flower Arrangements is a vibrant centerpiece arrangement in a clear glass cylinder vase that includes peach asiatic lilies and white alstroemeria.,12&quot; H x 11&quot; W,https://cdn.floristone.com/small/FAA-129.jpg,https://cdn.floristone.com/large/FAA-129.jpg,,http://www.floristone.com/detail.cfm?dcode=FAA-129&source_id=aff&affiliateid=2026097209,http://www.floristone.com/cart.cfm?dcode=FAA-129&source_id=aff&affiliateid=2026097209,1,1,1,1,1,0,1,0,
Bountiful Red Rose Spray,FAA-511,419.95,The Bountiful Red Rose Spray a true expression of the deep love you hold for your departed loved one. This is an oval funeral spray on easel that keeps things very simple with a generous selection of 4 dozen stems of red roses and is adorned with a red satin bow in the center. This is a large spray that is approximately 3 feet high and over 2 feet wide.,36&quot; H x 27&quot; W,https://cdn.floristone.com/small/FAA-511.jpg,https://cdn.floristone.com/large/FAA-511.jpg,,http://www.floristone.com/detail.cfm?dcode=FAA-511&source_id=aff&affiliateid=2026097209,http://www.floristone.com/cart.cfm?dcode=FAA-511&source_id=aff&affiliateid=2026097209,0,0,0,0,0,0,0,1,Funeral - Sprays
Orange Splash Bouquet,FAA-123,84.95,"Orange Splash Bouquet is a splash of color. This centerpiece is an all-around flower arrangement in a clear glass bubble bowl that includes orange asiatic lilies, red gerbera daisies, orange miniature carnations, and peach hypericum.",11&quot; H x 11&quot; W,https://cdn.floristone.com/small/FAA-123.jpg,https://cdn.floristone.com/large/FAA-123.jpg,,http://www.floristone.com/detail.cfm?dcode=FAA-123&source_id=aff&affiliateid=2026097209,http://www.floristone.com/cart.cfm?dcode=FAA-123&source_id=aff&affiliateid=2026097209,1,1,1,1,1,1,1,0,
A Touch Of Class,FAA-106,79.95,"Simplicity, elegance and class are conveyed in this all around centerpiece flower arrangement with yellow Gerbera Daisies, yellow roses, stems white Hydrangea and stems of green Hypericum.",11&quot; H x 9&quot; W,https://cdn.floristone.com/small/FAA-106.jpg,https://cdn.floristone.com/large/FAA-106.jpg,,http://www.floristone.com/detail.cfm?dcode=FAA-106&source_id=aff&affiliateid=2026097209,http://www.floristone.com/cart.cfm?dcode=FAA-106&source_id=aff&affiliateid=2026097209,1,1,1,1,1,1,1,0,
Abundant Rose Standing Spray,FAA-510,314.95,"The Abundant Rose Standing Spray keeps things simple to honor the life of your loved one with three dozen roses: 12 pink roses, 12 white roses, 12 yellow roses. This rose spray is then adorned with a white satin bow in the center.",30&quot; H x 24&quot; W,https://cdn.floristone.com/small/FAA-510.jpg,https://cdn.floristone.com/large/FAA-510.jpg,,http://www.floristone.com/detail.cfm?dcode=FAA-510&source_id=aff&affiliateid=2026097209,http://www.floristone.com/cart.cfm?dcode=FAA-510&source_id=aff&affiliateid=2026097209,0,0,0,0,0,0,0,1,Funeral - Sprays
Calming Breeze,FAA-107,79.95,"Calm, soothing serenity is what this Calming Breeze blows in. This centerpiece is an all around arrangement made in a 5&quot;x5&quot;x5&quot; glass cube vase filled with white hydrangea, stems white Roses, stems blue Delphinium, stems green Hypericum.",12&quot; H x 9&quot; W,https://cdn.floristone.com/small/FAA-107.jpg,https://cdn.floristone.com/large/FAA-107.jpg,,http://www.floristone.com/detail.cfm?dcode=FAA-107&source_id=aff&affiliateid=2026097209,http://www.floristone.com/cart.cfm?dcode=FAA-107&source_id=aff&affiliateid=2026097209,1,1,0,1,1,1,1,0,
Joyous Flower Arrangement,FAA-111,104.95,"The Joyous funeral flower arrangement finds hope in the loss of a loved one by joyously celebrating a life well lived. This one sided arrangement made comes in a white plastic hoop basket and includes orange snapdragons, yellow fugi mums, red carnations, solidago for filler and a yellow stain bow. This is a large arrangement approximately 3 feet high and 2 and 1/2 feet wide.",34&quot; H x 26&quot; W,https://cdn.floristone.com/small/FAA-111.jpg,https://cdn.floristone.com/large/FAA-111.jpg,,http://www.floristone.com/detail.cfm?dcode=FAA-111&source_id=aff&affiliateid=2026097209,http://www.floristone.com/cart.cfm?dcode=FAA-111&source_id=aff&affiliateid=2026097209,0,0,0,0,0,0,0,1,Funeral - Baskets
Colorful Fireside Basket,FAA-314,169.95,"The Colorful Flower Arrangement bursts with color. This one-sided design to is generously filled with purple larkspur, lavender fugi mums, light blue delphinium, red gerbera daisies, yellow standard carnations, yellow viking pompons, purple montecasino and red hypericum in a fireside basket.",24&quot; H x 30&quot; W,https://cdn.floristone.com/small/FAA-314.jpg,https://cdn.floristone.com/large/FAA-314.jpg,,http://www.floristone.com/detail.cfm?dcode=FAA-314&source_id=aff&affiliateid=2026097209,http://www.floristone.com/cart.cfm?dcode=FAA-314&source_id=aff&affiliateid=2026097209,0,0,0,0,0,0,0,1,Funeral - Baskets
Fresh Flower Arrangement,FAA-127,79.95,"Fresh Flower Arrangement is an around centerpiece that comes alive with yellow gerbaera daisies, blue iris, white alstroemeria, pink minature carnations and yellow solidago for filler. Fresh comes in a clear glass slender gathering vase.",17&quot; H x 10&quot; W,https://cdn.floristone.com/small/FAA-127.jpg,https://cdn.floristone.com/large/FAA-127.jpg,,http://www.floristone.com/detail.cfm?dcode=FAA-127&source_id=aff&affiliateid=2026097209,http://www.floristone.com/cart.cfm?dcode=FAA-127&source_id=aff&affiliateid=2026097209,1,1,1,1,1,1,1,0,
Sunshine Funeral Flower Arrangement,FAA-113,104.95,"Sunshine is a bright and hopeful one side funeral flower arrangement that comes in a white plastic hoop basket that includes yellow fugi mums, yellow carnations, yellow cushion pompons, yellow mini carnations, solidago for filler and a yellow satin bow.",28&quot; H x 22&quot; W,https://cdn.floristone.com/small/FAA-113.jpg,https://cdn.floristone.com/large/FAA-113.jpg,,http://www.floristone.com/detail.cfm?dcode=FAA-113&source_id=aff&affiliateid=2026097209,http://www.floristone.com/cart.cfm?dcode=FAA-113&source_id=aff&affiliateid=2026097209,0,0,0,0,0,0,0,1,Funeral - Baskets
Classic Funeral Flower Basket,FAA-308,129.95,"The Classic Funeral Flower Basket is classic, timeless and elegant. This one sided table sympathy basket comes in a brown handled basket and includes red alstroemeria, orange snapdragons, red roses, stems pink mini carnations and waxflower for filler.",22&quot; H x 20&quot; W,https://cdn.floristone.com/small/FAA-308.jpg,https://cdn.floristone.com/large/FAA-308.jpg,,http://www.floristone.com/detail.cfm?dcode=FAA-308&source_id=aff&affiliateid=2026097209,http://www.floristone.com/cart.cfm?dcode=FAA-308&source_id=aff&affiliateid=2026097209,0,0,0,0,0,0,0,1,Funeral - Baskets
Lavish Surprise,FAA-119,84.95,"Lavish Surprise is centerpiece clear glass cube vase filled with pink Asiatic lilies, yellow spray roses and limonium for filler.",10&quot; H x 10&quot; W,https://cdn.floristone.com/small/FAA-119.jpg,https://cdn.floristone.com/large/FAA-119.jpg,,http://www.floristone.com/detail.cfm?dcode=FAA-119&source_id=aff&affiliateid=2026097209,http://www.floristone.com/cart.cfm?dcode=FAA-119&source_id=aff&affiliateid=2026097209,1,1,1,1,1,1,1,0,
The Natural Flower Arrangement,FAA-124,129.95,"The Natural Flower Arrangement comes in a clear glass classic urn vase and includes stems light blue delphinium, pink snapdragons, pink spray roses, pink miniature carnations and pink waxflower.",25&quot; H x 15&quot; W,https://cdn.floristone.com/small/FAA-124.jpg,https://cdn.floristone.com/large/FAA-124.jpg,,http://www.floristone.com/detail.cfm?dcode=FAA-124&source_id=aff&affiliateid=2026097209,http://www.floristone.com/cart.cfm?dcode=FAA-124&source_id=aff&affiliateid=2026097209,1,1,1,1,1,1,1,1,Funeral - Table Arrangements
Splendid,FAA-311,74.95,"Splendid is centerpiece arrangement in whitewash handled basket to with yellow roses, pink spray roses, white daisy pompons, yellow cushion pompons, purple statice, lavender montecasino and lavender waxflower for filler.",10&quot; H x 10&quot; W,https://cdn.floristone.com/small/FAA-311.jpg,https://cdn.floristone.com/large/FAA-311.jpg,,http://www.floristone.com/detail.cfm?dcode=FAA-311&source_id=aff&affiliateid=2026097209,http://www.floristone.com/cart.cfm?dcode=FAA-311&source_id=aff&affiliateid=2026097209,1,1,1,1,1,1,1,0,
Simply Rose,FAA-105,104.95,Nothing is more classic than a dozen red roses. One dozen red roses are presented as a one-sided arrangement with leather leaf and salal in a clear glass vase.,12&quot; W x 18&quot; H,https://cdn.floristone.com/small/FAA-105.jpg,https://cdn.floristone.com/large/FAA-105.jpg,,http://www.floristone.com/detail.cfm?dcode=FAA-105&source_id=aff&affiliateid=2026097209,http://www.floristone.com/cart.cfm?dcode=FAA-105&source_id=aff&affiliateid=2026097209,1,1,1,1,1,0,1,0,
Lush,FAA-117,74.95,Lush is a centerpiece in a slender gathering vase that is filled with stems of alstroemeria.,15&quot; H x 10&quot; W,https://cdn.floristone.com/small/FAA-117.jpg,https://cdn.floristone.com/large/FAA-117.jpg,,http://www.floristone.com/detail.cfm?dcode=FAA-117&source_id=aff&affiliateid=2026097209,http://www.floristone.com/cart.cfm?dcode=FAA-117&source_id=aff&affiliateid=2026097209,1,1,1,1,1,1,1,1,Funeral - Table Arrangements
Red and White Bouquet,FAA-122,84.95,"The Red and White Bouquet is a one-sided arrangement in a clear glass ginger vase that includes white spray roses, red miniature carnations, and stems red hypericum.",16&quot; H x 11&quot; W,https://cdn.floristone.com/small/FAA-122.jpg,https://cdn.floristone.com/large/FAA-122.jpg,,http://www.floristone.com/detail.cfm?dcode=FAA-122&source_id=aff&affiliateid=2026097209,http://www.floristone.com/cart.cfm?dcode=FAA-122&source_id=aff&affiliateid=2026097209,1,1,1,1,1,1,1,1,Funeral - Table Arrangements
A Touch of Elegance,FAA-112,104.95,"A Touch of Elegance is a one sided arrangement made in that includes purple liatris, pink carnations, white fugi mums, yellow mini carns, white cushion pompons, purple montecasino and purple statice for filler and a white satin bow.",32&quot; H x 24&quot; W,https://cdn.floristone.com/small/FAA-112.jpg,https://cdn.floristone.com/large/FAA-112.jpg,,http://www.floristone.com/detail.cfm?dcode=FAA-112&source_id=aff&affiliateid=2026097209,http://www.floristone.com/cart.cfm?dcode=FAA-112&source_id=aff&affiliateid=2026097209,0,0,0,0,0,0,0,1,Funeral - Baskets
Beaming Flower Arrangement,FAA-114,104.95,"Beaming is bright and happy arrangement that stands out. This one-sided arrangement in a white plastic hoop basket to include yellow fugi mums, red carnations, yellow cushion pompons, red miniature carnations and a yellow stain bow.",28&quot; H x 22&quot; W,https://cdn.floristone.com/small/FAA-114.jpg,https://cdn.floristone.com/large/FAA-114.jpg,,http://www.floristone.com/detail.cfm?dcode=FAA-114&source_id=aff&affiliateid=2026097209,http://www.floristone.com/cart.cfm?dcode=FAA-114&source_id=aff&affiliateid=2026097209,0,0,0,0,0,0,0,1,Funeral - Baskets
Lily Surprise Flower Arrangement,FAA-128,84.95,"The Fresh Flower Arrangement is a one-sided flower arrangement in a clear glass classic urn vase filled with Asiatic lilies that are pink, peach, orange and white.",13' H x 16&quot; W,https://cdn.floristone.com/small/FAA-128.jpg,https://cdn.floristone.com/large/FAA-128.jpg,,http://www.floristone.com/detail.cfm?dcode=FAA-128&source_id=aff&affiliateid=2026097209,http://www.floristone.com/cart.cfm?dcode=FAA-128&source_id=aff&affiliateid=2026097209,0,1,1,1,1,1,1,1,Funeral - Table Arrangements
Sun Splash,FAA-300,139.95,"Sunshine and warmth radiates from this large, one-side basket of sunflowers, yellow snapdragons, burgundy carnations, yellow roses, yelllow daisy pompons and solidago.",22' x 22&quot;,https://cdn.floristone.com/small/FAA-300.jpg,https://cdn.floristone.com/large/FAA-300.jpg,,http://www.floristone.com/detail.cfm?dcode=FAA-300&source_id=aff&affiliateid=2026097209,http://www.floristone.com/cart.cfm?dcode=FAA-300&source_id=aff&affiliateid=2026097209,0,0,0,0,0,0,0,1,Funeral - Baskets
Radiant Glow,FAA-302,149.95,"Radiant Glow is a large and bright one-side arrangement in a brown basket. The eye-catching colors that pop come from yellow Snapdragons, orange Gerbera Daisies, yellow Roses, red standard Carnations, butterscotch Pompons, yellow Solidago and purple Statice for filler.",22&quot; H x 18&quot; W,https://cdn.floristone.com/small/FAA-302.jpg,https://cdn.floristone.com/large/FAA-302.jpg,,http://www.floristone.com/detail.cfm?dcode=FAA-302&source_id=aff&affiliateid=2026097209,http://www.floristone.com/cart.cfm?dcode=FAA-302&source_id=aff&affiliateid=2026097209,0,0,0,0,0,0,0,1,Funeral - Baskets
Serenity,FAA-305,119.95,"The Serenity flower basket arrangement is one-sided table arrangement in white handled basket to that is filled with white larkspur, white asiatic lilies, white carnations and white miniature carnations. This is a large basket arrangement that is about 1 and 1/2 feet high and 1 and 1/2 feet wide.",20&quot; H x 18&quot; W,https://cdn.floristone.com/small/FAA-305.jpg,https://cdn.floristone.com/large/FAA-305.jpg,,http://www.floristone.com/detail.cfm?dcode=FAA-305&source_id=aff&affiliateid=2026097209,http://www.floristone.com/cart.cfm?dcode=FAA-305&source_id=aff&affiliateid=2026097209,0,0,0,0,0,0,0,1,Funeral - Baskets
Pretty Petals,FAA-306,199.95,"The Pretty Petals flower arrangement is a one sided table sympathy arrangement made in a white handled basket filled with a generous 2 dozen roses, 8 pink roses, 8 white roses, 8 yellow roses.",17&quot; H x 21&quot; W,https://cdn.floristone.com/small/FAA-306.jpg,https://cdn.floristone.com/large/FAA-306.jpg,,http://www.floristone.com/detail.cfm?dcode=FAA-306&source_id=aff&affiliateid=2026097209,http://www.floristone.com/cart.cfm?dcode=FAA-306&source_id=aff&affiliateid=2026097209,0,0,0,0,0,0,0,1,Funeral - Baskets
Rose Radiance Flower Basket Arrangement,FAA-307,304.95,Rose Radiance is about roses and more roses. Three dozen red roses generously fill this one sided table sympathy arrangement in a brown handled basket.,21&quot; H x 23&quot; W,https://cdn.floristone.com/small/FAA-307.jpg,https://cdn.floristone.com/large/FAA-307.jpg,,http://www.floristone.com/detail.cfm?dcode=FAA-307&source_id=aff&affiliateid=2026097209,http://www.floristone.com/cart.cfm?dcode=FAA-307&source_id=aff&affiliateid=2026097209,0,0,0,0,0,0,0,1,Funeral - Baskets
Yellow Splash Basket,FAA-309,119.95,"The Yellow Splash basket is a one sided funeral table sympathy basket in a white handled basket to include white snapdragons, yellow fugi mums, yellow roses, yellow mini carns and solidago for filler.",24&quot; H x 20&quot; W,https://cdn.floristone.com/small/FAA-309.jpg,https://cdn.floristone.com/large/FAA-309.jpg,,http://www.floristone.com/detail.cfm?dcode=FAA-309&source_id=aff&affiliateid=2026097209,http://www.floristone.com/cart.cfm?dcode=FAA-309&source_id=aff&affiliateid=2026097209,0,0,0,0,0,0,0,1,Funeral - Baskets
Yellow Rising,FAA-315,79.95,"Yellow Rising is a tall one-sided arrangement made in a black flat square bowl that has yellow snapdragons, yellow gerbera daisies, and yellow spray roses.",22&quot; H x 14&quot; W,https://cdn.floristone.com/small/FAA-315.jpg,https://cdn.floristone.com/large/FAA-315.jpg,,http://www.floristone.com/detail.cfm?dcode=FAA-315&source_id=aff&affiliateid=2026097209,http://www.floristone.com/cart.cfm?dcode=FAA-315&source_id=aff&affiliateid=2026097209,0,0,0,0,0,0,0,1,Funeral - Table Arrangements
Peace Lily,FAA-403,84.95,"The Peace Lily, also called a Spathiphyllum, comes in an 8&quot; whitewash pot.",8&quot; Pot,https://cdn.floristone.com/small/FAA-403.jpg,https://cdn.floristone.com/large/FAA-403.jpg,,http://www.floristone.com/detail.cfm?dcode=FAA-403&source_id=aff&affiliateid=2026097209,http://www.floristone.com/cart.cfm?dcode=FAA-403&source_id=aff&affiliateid=2026097209,1,1,0,0,1,1,1,1,Funeral - Plants
Sweetest Memories,FAA-500,194.95,"Sweetest Standing Spray is an oval standing spray on an easel with stems light pink roses, stems hot pink Spray Roses, stems white Daisy Pompons,white Larkspur, white Fugi Mums, white Alstroemeria, blue Delphinium, white Montecasino and a white satin bow in the center.",32&quot; H x  20&quot; W,https://cdn.floristone.com/small/FAA-500.jpg,https://cdn.floristone.com/large/FAA-500.jpg,,http://www.floristone.com/detail.cfm?dcode=FAA-500&source_id=aff&affiliateid=2026097209,http://www.floristone.com/cart.cfm?dcode=FAA-500&source_id=aff&affiliateid=2026097209,0,0,0,0,0,0,0,1,Funeral - Sprays
Memories Standing Spray,FAA-501,184.95,"The Memories Standing Spray evokes gentleness and purity. This oval shaped standing spray on easel include pink larkspur, white fugi mums, pink carnations, pink alstroemeria, pink roses, white cushion pompons, babys breath for filler and a pink satin bow in the center.",40&quot; H x 30&quot; W,https://cdn.floristone.com/small/FAA-501.jpg,https://cdn.floristone.com/large/FAA-501.jpg,,http://www.floristone.com/detail.cfm?dcode=FAA-501&source_id=aff&affiliateid=2026097209,http://www.floristone.com/cart.cfm?dcode=FAA-501&source_id=aff&affiliateid=2026097209,0,0,0,0,0,0,0,1,Funeral - Sprays
Forever Loved Standing Spray,FAA-503,194.95,"Forever Loved Standing Spray evokes brightness, warmth and hope. This oval shaped standing spray on easel include white larkspur, red carnations, white spray roses, red miniature carnations, white cushion pompons, white montecasino for filler and a red satin bow in the center.",40' H x 30&quot; W,https://cdn.floristone.com/small/FAA-503.jpg,https://cdn.floristone.com/large/FAA-503.jpg,,http://www.floristone.com/detail.cfm?dcode=FAA-503&source_id=aff&affiliateid=2026097209,http://www.floristone.com/cart.cfm?dcode=FAA-503&source_id=aff&affiliateid=2026097209,0,0,0,0,0,0,0,1,Funeral - Sprays
Shimmering Light Standing Spray,FAA-504,194.95,"The Shimmering Light Standing spray is an oval standing spray that include pink larkspur, white fugi mums, pink carnations, red alstroemeria, red spray roses, white cushion pompons, babys breath for filler and a pink satin bow in the center. Color, light and warmth flow from this spray.",40' H x 30&quot; W,https://cdn.floristone.com/small/FAA-504.jpg,https://cdn.floristone.com/large/FAA-504.jpg,,http://www.floristone.com/detail.cfm?dcode=FAA-504&source_id=aff&affiliateid=2026097209,http://www.floristone.com/cart.cfm?dcode=FAA-504&source_id=aff&affiliateid=2026097209,0,0,0,0,0,0,0,1,Funeral - Sprays
Star Spangled Spray,FAA-505,209.95,"The Star Spangled Spray honors the life of a patriot. This oval shaped standing spray comes in patriotic colors of red, white and blue and includes red miniature carnations, red carnations, white larkspur, white spray roses, white cushion pompons, white montecasino and dark blue delphinium with a royal blue satin bow in the center.",40 H x 30&quot; W,https://cdn.floristone.com/small/FAA-505.jpg,https://cdn.floristone.com/large/FAA-505.jpg,,http://www.floristone.com/detail.cfm?dcode=FAA-505&source_id=aff&affiliateid=2026097209,http://www.floristone.com/cart.cfm?dcode=FAA-505&source_id=aff&affiliateid=2026097209,0,0,0,0,0,0,0,1,Funeral - Sprays
Yellow Tribute Standing Spray,FAA-506,194.95,"The Yellow Tribute Standing Spray evokes brightness, light and warmth. This spray is on an easel and includes yellow fugi mums, yellow roses, Orange Snapdragons, orange alstroemeria, white cushions, solidago for filler and a yellow satin bow in the center.",40&quot; H x 30&quot; W,https://cdn.floristone.com/small/FAA-506.jpg,https://cdn.floristone.com/large/FAA-506.jpg,,http://www.floristone.com/detail.cfm?dcode=FAA-506&source_id=aff&affiliateid=2026097209,http://www.floristone.com/cart.cfm?dcode=FAA-506&source_id=aff&affiliateid=2026097209,0,0,0,0,0,0,0,1,Funeral - Sprays
Eternal Star Standing Spray,FAA-507,199.95,"The Eternal Star Standing Spray is an oval shaped standing spray that includes pink larkspur, white fugi mums, pink carnations, purple alstroemeria, pink spray roses, lavender daisy pompons and pink waxflower for filler and adorned with a pink stain bow in the center.",40&quot; H x 30&quot; W,https://cdn.floristone.com/small/FAA-507.jpg,https://cdn.floristone.com/large/FAA-507.jpg,,http://www.floristone.com/detail.cfm?dcode=FAA-507&source_id=aff&affiliateid=2026097209,http://www.floristone.com/cart.cfm?dcode=FAA-507&source_id=aff&affiliateid=2026097209,0,0,0,0,0,0,0,1,Funeral - Sprays
Roseary,FAA-990,209.95,Roseary is flower rosary made of 50 red spray roses. This is a powerful way for Catholics and all Christians to honor a honor a life of faithful devotion.,50 count,https://cdn.floristone.com/small/FAA-990.jpg,https://cdn.floristone.com/large/FAA-990.jpg,,http://www.floristone.com/detail.cfm?dcode=FAA-990&source_id=aff&affiliateid=2026097209,http://www.floristone.com/cart.cfm?dcode=FAA-990&source_id=aff&affiliateid=2026097209,0,0,0,0,0,0,0,1,Funeral - Inside Casket
